 ===== EM-algorithm: iteration 0 =====
finished type 1....
finished type 2....
finished type 3....
finished type 4....
finished type 5....
current likelihood: -29.132894482920616
current error: Inf, 6.039553635909022
 ===== EM-algorithm: iteration 1 =====
finished type 1....
finished type 2....
finished type 3....
finished type 4....
finished type 5....
current likelihood: -16.46141506398496
current error: 12.671479418935657, 3.7432559606900613
 ===== EM-algorithm: iteration 2 =====
finished type 1....
finished type 2....
finished type 3....
finished type 4....
finished type 5....
current likelihood: -13.695360299249808
current error: 2.7660547647351503, 2.327267450079535
 ===== EM-algorithm: iteration 3 =====
finished type 1....
finished type 2....
finished type 3....
finished type 4....
finished type 5....
current likelihood: -12.974887779571578
current error: 0.7204725196782302, 1.292115351463579
 ===== EM-algorithm: iteration 4 =====
finished type 1....
finished type 2....
finished type 3....
finished type 4....
finished type 5....
current likelihood: -12.741926444635892
current error: 0.23296133493568583, 0.7485990033709626
 ===== EM-algorithm: iteration 5 =====
finished type 1....
finished type 2....
finished type 3....
finished type 4....
finished type 5....
current likelihood: -12.646226787913674
current error: 0.0956996567222177, 0.5730648696534191
 ===== EM-algorithm: iteration 6 =====
finished type 1....
finished type 2....
finished type 3....
finished type 4....
finished type 5....
current likelihood: -12.593552522130294
current error: 0.05267426578338075, 0.29927705674949934
 ===== EM-algorithm: iteration 7 =====
finished type 1....
finished type 2....
finished type 3....
finished type 4....
finished type 5....
current likelihood: -12.559927472908175
current error: 0.03362504922211862, 0.22780839604259207
 ===== EM-algorithm: iteration 8 =====
finished type 1....
finished type 2....
finished type 3....
finished type 4....
finished type 5....
current likelihood: -12.537308111137442
current error: 0.022619361770733093, 0.1140923587028011
 ===== EM-algorithm: iteration 9 =====
finished type 1....
finished type 2....
finished type 3....
finished type 4....
finished type 5....
current likelihood: -12.51958593056971
current error: 0.017722180567732337, 0.1154721537800718
 ===== EM-algorithm: iteration 10 =====
finished type 1....
finished type 2....
finished type 3....
finished type 4....
finished type 5....
current likelihood: -12.50683324959022
current error: 0.012752680979488673, 0.1160636813155902
 ===== EM-algorithm: iteration 11 =====
finished type 1....
finished type 2....
finished type 3....
finished type 4....
finished type 5....
current likelihood: -12.494763736445494
current error: 0.01206951314472704, 0.15679920930315383
 ===== EM-algorithm: iteration 12 =====
finished type 1....
finished type 2....
finished type 3....
finished type 4....
finished type 5....
current likelihood: -12.487100756792689
current error: 0.007662979652804935, 0.16387384934879368
 ===== EM-algorithm: iteration 13 =====
finished type 1....
finished type 2....
finished type 3....
finished type 4....
finished type 5....
current likelihood: -12.475366945552121
current error: 0.011733811240567604, 0.24739666017594786
 ===== EM-algorithm: iteration 14 =====
finished type 1....
finished type 2....
finished type 3....
finished type 4....
finished type 5....
current likelihood: -12.470905101961206
current error: 0.004461843590915393, 0.2462192872229254
 ===== EM-algorithm: iteration 15 =====
finished type 1....
finished type 2....
finished type 3....
finished type 4....
finished type 5....
current likelihood: -12.458628053192356
current error: 0.012277048768849497, 0.24953327550154736
 ===== EM-algorithm: iteration 16 =====
finished type 1....
finished type 2....
finished type 3....
finished type 4....
finished type 5....
current likelihood: -12.453648140181329
current error: 0.004979913011027293, 0.22491199024556208
 ===== EM-algorithm: iteration 17 =====
finished type 1....
finished type 2....
finished type 3....
finished type 4....
finished type 5....
current likelihood: -12.447740944775493
current error: 0.005907195405836063, 0.24754431917039055
 ===== EM-algorithm: iteration 18 =====
finished type 1....
finished type 2....
finished type 3....
finished type 4....
finished type 5....
current likelihood: -12.44144887390291
current error: 0.006292070872582656, 0.21453091359487386
 ===== EM-algorithm: iteration 19 =====
finished type 1....
finished type 2....
finished type 3....
finished type 4....
finished type 5....
current likelihood: -12.43297007849928
current error: 0.008478795403631167, 0.24154122118184862
 ===== EM-algorithm: iteration 20 =====
finished type 1....
finished type 2....
finished type 3....
finished type 4....
finished type 5....
current likelihood: -12.42475546813912
current error: 0.008214610360159469, 0.2141940462021239
 ===== EM-algorithm: iteration 21 =====
finished type 1....
finished type 2....
finished type 3....
finished type 4....
finished type 5....
current likelihood: -12.416073006332255
current error: 0.00868246180686505, 0.19706104210178488
 ===== EM-algorithm: iteration 22 =====
finished type 1....
finished type 2....
finished type 3....
finished type 4....
finished type 5....
current likelihood: -12.410788777875233
current error: 0.005284228457021811, 0.13866969120682082
 ===== EM-algorithm: iteration 23 =====
finished type 1....
finished type 2....
finished type 3....
finished type 4....
finished type 5....
current likelihood: -12.40166423767834
current error: 0.00912454019689335, 0.11995404970033263
 ===== EM-algorithm: iteration 24 =====
finished type 1....
finished type 2....
finished type 3....
finished type 4....
finished type 5....
current likelihood: -12.39716503381613
current error: 0.004499203862209811, 0.10371988787081676
 ===== EM-algorithm: iteration 25 =====
finished type 1....
finished type 2....
finished type 3....
finished type 4....
finished type 5....
current likelihood: -12.395445768799538
current error: 0.0017192650165913648, 0.14491604297184502
 ===== EM-algorithm: iteration 26 =====
finished type 1....
finished type 2....
finished type 3....
finished type 4....
finished type 5....
current likelihood: -12.391518497287262
current error: 0.0039272715122766755, 0.14339676472546614
 ===== EM-algorithm: iteration 27 =====
finished type 1....
finished type 2....
finished type 3....
finished type 4....
finished type 5....
current likelihood: -12.389840257196049
current error: 0.001678240091212757, 0.19169254659856527
 ===== EM-algorithm: iteration 28 =====
finished type 1....
finished type 2....
finished type 3....
finished type 4....
finished type 5....
current likelihood: -12.388744427659105
current error: 0.0010958295369434268, 0.19816135075435604
 ===== EM-algorithm: iteration 29 =====
finished type 1....
finished type 2....
finished type 3....
finished type 4....
finished type 5....
current likelihood: -12.385797854764625
current error: 0.0029465728944799707, 0.19964346580423253
 ===== EM-algorithm: iteration 30 =====
finished type 1....
finished type 2....
finished type 3....
finished type 4....
finished type 5....
current likelihood: -12.384348154468423
current error: 0.0014497002962023942, 0.23002281259322288
 ===== EM-algorithm: iteration 31 =====
finished type 1....
finished type 2....
finished type 3....
finished type 4....
finished type 5....
current likelihood: -12.382819934030051
current error: 0.0015282204383719744, 0.21632140815521517
 ===== EM-algorithm: iteration 32 =====
finished type 1....
finished type 2....
finished type 3....
finished type 4....
finished type 5....
current likelihood: -12.381759258766158
current error: 0.001060675263893529, 0.21517276902718763
 ===== EM-algorithm: iteration 33 =====
finished type 1....
finished type 2....
finished type 3....
finished type 4....
finished type 5....
current likelihood: -12.378551637658303
current error: 0.0032076211078546635, 0.2242966963214883
 ===== EM-algorithm: iteration 34 =====
finished type 1....
finished type 2....
finished type 3....
finished type 4....
finished type 5....
current likelihood: -12.377166705789556
current error: 0.00138493186874733, 0.20299660516796436
 ===== EM-algorithm: iteration 35 =====
finished type 1....
finished type 2....
finished type 3....
finished type 4....
finished type 5....
current likelihood: -12.376076066818705
current error: 0.0010906389708509323, 0.17994920398339787
 ===== EM-algorithm: iteration 36 =====
finished type 1....
finished type 2....
finished type 3....
finished type 4....
finished type 5....
current likelihood: -12.374696037403211
current error: 0.0013800294154933113, 0.166713991491644
 ===== EM-algorithm: iteration 37 =====
finished type 1....
finished type 2....
finished type 3....
finished type 4....
finished type 5....
current likelihood: -12.373489272476132
current error: 0.0012067649270797176, 0.1584492845953429
 ===== EM-algorithm: iteration 38 =====
finished type 1....
finished type 2....
finished type 3....
finished type 4....
finished type 5....
current likelihood: -12.372334854953374
current error: 0.001154417522757356, 0.14925761528287484
 ===== EM-algorithm: iteration 39 =====
finished type 1....
finished type 2....
finished type 3....
finished type 4....
finished type 5....
current likelihood: -12.37128094138641
current error: 0.0010539135669649369, 0.13857160074413954
 ===== EM-algorithm: iteration 40 =====
finished type 1....
finished type 2....
finished type 3....
finished type 4....
finished type 5....
current likelihood: -12.367815461998815
current error: 0.003465479387594783, 0.14042252051150328
 ===== EM-algorithm: iteration 41 =====
finished type 1....
finished type 2....
finished type 3....
finished type 4....
finished type 5....
current likelihood: -12.366746104508488
current error: 0.0010693574903264391, 0.1340893373349159
 ===== EM-algorithm: iteration 42 =====
finished type 1....
finished type 2....
finished type 3....
finished type 4....
finished type 5....
current likelihood: -12.365546648744022
current error: 0.0011994557644658954, 0.1269834310288216
 ===== EM-algorithm: iteration 43 =====
finished type 1....
finished type 2....
finished type 3....
finished type 4....
finished type 5....
current likelihood: -12.36393466081601
current error: 0.001611987928011871, 0.13142909220865384
 ===== EM-algorithm: iteration 44 =====
finished type 1....
finished type 2....
finished type 3....
finished type 4....
finished type 5....
current likelihood: -12.362872042614985
current error: 0.0010626182010256002, 0.12287583877003616
 ===== EM-algorithm: iteration 45 =====
finished type 1....
finished type 2....
finished type 3....
finished type 4....
finished type 5....
current likelihood: -12.360492935899549
current error: 0.0023791067154359524, 0.13101365840449564
 ===== EM-algorithm: iteration 46 =====
finished type 1....
finished type 2....
finished type 3....
finished type 4....
finished type 5....
current likelihood: -12.359535758863846
current error: 0.0009571770357030829, 0.12337854664116588
 ===== EM-algorithm: iteration 47 =====
finished type 1....
finished type 2....
finished type 3....
finished type 4....
finished type 5....
current likelihood: -12.358211067071517
current error: 0.001324691792328636, 0.12516743081978143
 ===== EM-algorithm: iteration 48 =====
finished type 1....
finished type 2....
finished type 3....
finished type 4....
finished type 5....
current likelihood: -12.357455710726848
current error: 0.0007553563446691669, 0.12723679451525927
 ===== EM-algorithm: iteration 49 =====
finished type 1....
finished type 2....
finished type 3....
finished type 4....
finished type 5....
current likelihood: -12.355178304018224
current error: 0.0022774067086235306, 0.1249487894098813
 ===== EM-algorithm: iteration 50 =====
finished type 1....
finished type 2....
finished type 3....
finished type 4....
finished type 5....
current likelihood: -12.35429720740629
current error: 0.0008810966119341401, 0.12236669806350697
 ===== EM-algorithm: iteration 51 =====
finished type 1....
finished type 2....
finished type 3....
finished type 4....
finished type 5....
current likelihood: -12.35318287854443
current error: 0.0011143288618598035, 0.11287117277459435
 ===== EM-algorithm: iteration 52 =====
finished type 1....
finished type 2....
finished type 3....
finished type 4....
finished type 5....
current likelihood: -12.352180532690278
current error: 0.0010023458541521535, 0.10793844146440268
 ===== EM-algorithm: iteration 53 =====
finished type 1....
finished type 2....
finished type 3....
finished type 4....
finished type 5....
current likelihood: -12.351138742626546
current error: 0.0010417900637325062, 0.10174066845906671
 ===== EM-algorithm: iteration 54 =====
finished type 1....
finished type 2....
finished type 3....
finished type 4....
finished type 5....
current likelihood: -12.350239068673478
current error: 0.0008996739530680031, 0.0892934313806264
 ===== EM-algorithm: iteration 55 =====
finished type 1....
finished type 2....
finished type 3....
finished type 4....
finished type 5....
current likelihood: -12.349278084162211
current error: 0.0009609845112663606, 0.09103551596467163
 ===== EM-algorithm: iteration 56 =====
finished type 1....
finished type 2....
finished type 3....
finished type 4....
finished type 5....
current likelihood: -12.348616587222685
current error: 0.0006614969395268844, 0.08737024485372924
 ===== EM-algorithm: iteration 57 =====
finished type 1....
finished type 2....
finished type 3....
finished type 4....
finished type 5....
current likelihood: -12.3479722634828
current error: 0.0006443237398841006, 0.07834901487268064
 ===== EM-algorithm: iteration 58 =====
finished type 1....
finished type 2....
finished type 3....
finished type 4....
finished type 5....
current likelihood: -12.346815296850139
current error: 0.0011569666326618488, 0.08441031353490347
 ===== EM-algorithm: iteration 59 =====
finished type 1....
finished type 2....
finished type 3....
finished type 4....
finished type 5....
current likelihood: -12.346142628085444
current error: 0.0006726687646949614, 0.07903603209529964
 ===== EM-algorithm: iteration 60 =====
finished type 1....
finished type 2....
finished type 3....
finished type 4....
finished type 5....
current likelihood: -12.34560219957091
current error: 0.0005404285145331755, 0.05515416927838235
 ===== EM-algorithm: iteration 61 =====
finished type 1....
finished type 2....
finished type 3....
finished type 4....
finished type 5....
current likelihood: -12.34452957663105
current error: 0.0010726229398603238, 0.08602241711344005
 ===== EM-algorithm: iteration 62 =====
finished type 1....
finished type 2....
finished type 3....
finished type 4....
finished type 5....
current likelihood: -12.34400207936417
current error: 0.0005274972668800615, 0.05185803573942849
 ===== EM-algorithm: iteration 63 =====
finished type 1....
finished type 2....
finished type 3....
finished type 4....
finished type 5....
current likelihood: -12.343519217979763
current error: 0.00048286138440722937, 0.07551983103909476
 ===== EM-algorithm: iteration 64 =====
finished type 1....
finished type 2....
finished type 3....
finished type 4....
finished type 5....
current likelihood: -12.342910009082726
current error: 0.0006092088970373055, 0.05079799899920179
 ===== EM-algorithm: iteration 65 =====
finished type 1....
finished type 2....
finished type 3....
finished type 4....
finished type 5....
current likelihood: -12.34235736473749
current error: 0.0005526443452357199, 0.06555764284641485
 ===== EM-algorithm: iteration 66 =====
finished type 1....
finished type 2....
finished type 3....
finished type 4....
finished type 5....
current likelihood: -12.341582276390607
current error: 0.0007750883468826686, 0.0891462557884708
 ===== EM-algorithm: iteration 67 =====
finished type 1....
finished type 2....
finished type 3....
finished type 4....
finished type 5....
current likelihood: -12.340766805075614
current error: 0.0008154713149934878, 0.08141940400886005
 ===== EM-algorithm: iteration 68 =====
finished type 1....
finished type 2....
finished type 3....
finished type 4....
finished type 5....
current likelihood: -12.339919361111287
current error: 0.0008474439643268994, 0.06832058782049844
 ===== EM-algorithm: iteration 69 =====
finished type 1....
finished type 2....
finished type 3....
finished type 4....
finished type 5....
current likelihood: -12.339067653830467
current error: 0.0008517072808196247, 0.05034892211478059
 ===== EM-algorithm: iteration 70 =====
finished type 1....
finished type 2....
finished type 3....
finished type 4....
finished type 5....
current likelihood: -12.338438633470906
current error: 0.0006290203595611388, 0.04438575307128101
 ===== EM-algorithm: iteration 71 =====
finished type 1....
finished type 2....
finished type 3....
finished type 4....
finished type 5....
current likelihood: -12.337439701882221
current error: 0.0009989315886844707, 0.0433717937620024
 ===== EM-algorithm: iteration 72 =====
finished type 1....
finished type 2....
finished type 3....
finished type 4....
finished type 5....
current likelihood: -12.336448469218329
current error: 0.0009912326638925606, 0.043270929425104576
 ===== EM-algorithm: iteration 73 =====
finished type 1....
finished type 2....
finished type 3....
finished type 4....
finished type 5....
current likelihood: -12.335759188632785
current error: 0.0006892805855436279, 0.04310823352659554
 ===== EM-algorithm: iteration 74 =====
finished type 1....
finished type 2....
finished type 3....
finished type 4....
finished type 5....
current likelihood: -12.335170895026737
current error: 0.0005882936060483956, 0.04268911198673919
 ===== EM-algorithm: iteration 75 =====
finished type 1....
finished type 2....
finished type 3....
finished type 4....
finished type 5....
current likelihood: -12.33446580039384
current error: 0.0007050946328970298, 0.04185361606535665
 ===== EM-algorithm: iteration 76 =====
finished type 1....
finished type 2....
finished type 3....
finished type 4....
finished type 5....
current likelihood: -12.333556212716504
current error: 0.0009095876773361766, 0.041715239811899174
 ===== EM-algorithm: iteration 77 =====
finished type 1....
finished type 2....
finished type 3....
finished type 4....
finished type 5....
current likelihood: -12.332637788349704
current error: 0.000918424366799897, 0.04173967163048076
 ===== EM-algorithm: iteration 78 =====
finished type 1....
finished type 2....
finished type 3....
finished type 4....
finished type 5....
current likelihood: -12.332032400194183
current error: 0.0006053881555203589, 0.041814765974996115
 ===== EM-algorithm: iteration 79 =====
finished type 1....
finished type 2....
finished type 3....
finished type 4....
finished type 5....
current likelihood: -12.331285603127018
current error: 0.0007467970671655166, 0.040163640995059424
 ===== EM-algorithm: iteration 80 =====
finished type 1....
finished type 2....
finished type 3....
finished type 4....
finished type 5....
current likelihood: -12.330464330290496
current error: 0.0008212728365215582, 0.03950823243935897
 ===== EM-algorithm: iteration 81 =====
finished type 1....
finished type 2....
finished type 3....
finished type 4....
finished type 5....
current likelihood: -12.32984591390629
current error: 0.000618416384206455, 0.03921343404889188
 ===== EM-algorithm: iteration 82 =====
finished type 1....
finished type 2....
finished type 3....
finished type 4....
finished type 5....
current likelihood: -12.329306888029683
current error: 0.0005390258766073686, 0.03861228488972479
 ===== EM-algorithm: iteration 83 =====
finished type 1....
finished type 2....
finished type 3....
finished type 4....
finished type 5....
current likelihood: -12.328681957973357
current error: 0.0006249300563254678, 0.03816833479229764
 ===== EM-algorithm: iteration 84 =====
finished type 1....
finished type 2....
finished type 3....
finished type 4....
finished type 5....
current likelihood: -12.327739286504858
current error: 0.0009426714684988013, 0.03742546975261085
 ===== EM-algorithm: iteration 85 =====
finished type 1....
finished type 2....
finished type 3....
finished type 4....
finished type 5....
current likelihood: -12.327083209008633
current error: 0.0006560774962256488, 0.0376203737308245
 ===== EM-algorithm: iteration 86 =====
finished type 1....
finished type 2....
finished type 3....
finished type 4....
finished type 5....
current likelihood: -12.326392588125271
current error: 0.0006906208833612482, 0.037277403285558286
 ===== EM-algorithm: iteration 87 =====
finished type 1....
finished type 2....
finished type 3....
finished type 4....
finished type 5....
current likelihood: -12.325776339114741
current error: 0.0006162490105303675, 0.036470343585011555
 ===== EM-algorithm: iteration 88 =====
finished type 1....
finished type 2....
finished type 3....
finished type 4....
finished type 5....
current likelihood: -12.325202445940226
current error: 0.00057389317451495, 0.036143524668372784
 ===== EM-algorithm: iteration 89 =====
finished type 1....
finished type 2....
finished type 3....
finished type 4....
finished type 5....
current likelihood: -12.324624568133693
current error: 0.000577877806533067, 0.03574468607459025
 ===== EM-algorithm: iteration 90 =====
finished type 1....
finished type 2....
finished type 3....
finished type 4....
finished type 5....
current likelihood: -12.323920257799363
current error: 0.0007043103343296053, 0.035264910516604964
 ===== EM-algorithm: iteration 91 =====
finished type 1....
finished type 2....
finished type 3....
finished type 4....
finished type 5....
current likelihood: -12.32337895746406
current error: 0.0005413003353034185, 0.035264949100835885
 ===== EM-algorithm: iteration 92 =====
finished type 1....
finished type 2....
finished type 3....
finished type 4....
finished type 5....
current likelihood: -12.32254830296998
current error: 0.000830654494080818, 0.03375655575043979
 ===== EM-algorithm: iteration 93 =====
finished type 1....
finished type 2....
finished type 3....
finished type 4....
finished type 5....
current likelihood: -12.322003055383803
current error: 0.0005452475861762451, 0.034033714195353504
 ===== EM-algorithm: iteration 94 =====
finished type 1....
finished type 2....
finished type 3....
finished type 4....
finished type 5....
current likelihood: -12.321405141922977
current error: 0.0005979134608260495, 0.032247503027813096
 ===== EM-algorithm: iteration 95 =====
finished type 1....
finished type 2....
finished type 3....
finished type 4....
finished type 5....
current likelihood: -12.32074718947805
current error: 0.0006579524449268348, 0.03368229386011112
 ===== EM-algorithm: iteration 96 =====
finished type 1....
finished type 2....
finished type 3....
finished type 4....
finished type 5....
current likelihood: -12.320159918581663
current error: 0.0005872708963874373, 0.0331864268360933
 ===== EM-algorithm: iteration 97 =====
finished type 1....
finished type 2....
finished type 3....
finished type 4....
finished type 5....
current likelihood: -12.31953146671705
current error: 0.000628451864612245, 0.03248383623191575
 ===== EM-algorithm: iteration 98 =====
finished type 1....
finished type 2....
finished type 3....
finished type 4....
finished type 5....
current likelihood: -12.318960623711037
current error: 0.0005708430060131775, 0.03280266525669884
 ===== EM-algorithm: iteration 99 =====
finished type 1....
finished type 2....
finished type 3....
finished type 4....
finished type 5....
current likelihood: -12.318283266442855
current error: 0.0006773572681826323, 0.03236630034752874
 ===== EM-algorithm: iteration 100 =====
finished type 1....
finished type 2....
finished type 3....
finished type 4....
finished type 5....
current likelihood: -12.317608654792487
current error: 0.0006746116503677513, 0.031788541344980104
 ===== EM-algorithm: iteration 101 =====
finished type 1....
finished type 2....
finished type 3....
finished type 4....
finished type 5....
current likelihood: -12.317079494100458
current error: 0.0005291606920287961, 0.0398718469544872
 ===== EM-algorithm: iteration 102 =====
finished type 1....
finished type 2....
finished type 3....
finished type 4....
finished type 5....
current likelihood: -12.316351707298109
current error: 0.0007277868023489731, 0.031838967607381585
 ===== EM-algorithm: iteration 103 =====
finished type 1....
finished type 2....
finished type 3....
finished type 4....
finished type 5....
current likelihood: -12.315582190763653
current error: 0.0007695165344561161, 0.029271844404790137
 ===== EM-algorithm: iteration 104 =====
finished type 1....
finished type 2....
finished type 3....
finished type 4....
finished type 5....
current likelihood: -12.314900338696155
current error: 0.0006818520674976014, 0.03425447815920801
 ===== EM-algorithm: iteration 105 =====
finished type 1....
finished type 2....
finished type 3....
finished type 4....
finished type 5....
current likelihood: -12.314260347240557
current error: 0.0006399914555981212, 0.03650835517970963
 ===== EM-algorithm: iteration 106 =====
finished type 1....
finished type 2....
finished type 3....
finished type 4....
finished type 5....
current likelihood: -12.31339927092597
current error: 0.0008610763145870948, 0.02833942472864237
 ===== EM-algorithm: iteration 107 =====
finished type 1....
finished type 2....
finished type 3....
finished type 4....
finished type 5....
current likelihood: -12.312483781685716
current error: 0.00091548924025453, 0.03509977783308571
 ===== EM-algorithm: iteration 108 =====
finished type 1....
finished type 2....
finished type 3....
finished type 4....
finished type 5....
current likelihood: -12.311752512006954
current error: 0.0007312696787611372, 0.033644408931743364
 ===== EM-algorithm: iteration 109 =====
finished type 1....
finished type 2....
finished type 3....
finished type 4....
finished type 5....
current likelihood: -12.310942039635899
current error: 0.0008104723710555817, 0.03422713253671095
 ===== EM-algorithm: iteration 110 =====
finished type 1....
finished type 2....
finished type 3....
finished type 4....
finished type 5....
current likelihood: -12.310043520371964
current error: 0.0008985192639343609, 0.043182509724296936
 ===== EM-algorithm: iteration 111 =====
finished type 1....
finished type 2....
finished type 3....
finished type 4....
finished type 5....
current likelihood: -12.309334705352292
current error: 0.0007088150196725707, 0.037795259076570886
 ===== EM-algorithm: iteration 112 =====
finished type 1....
finished type 2....
finished type 3....
finished type 4....
finished type 5....
current likelihood: -12.308489626278902
current error: 0.0008450790733895985, 0.037587416920409567
 ===== EM-algorithm: iteration 113 =====
finished type 1....
finished type 2....
finished type 3....
finished type 4....
finished type 5....
current likelihood: -12.307796097559743
current error: 0.0006935287191591755, 0.03717745318331911
 ===== EM-algorithm: iteration 114 =====
finished type 1....
finished type 2....
finished type 3....
finished type 4....
finished type 5....
current likelihood: -12.307045968733616
current error: 0.0007501288261266836, 0.03723978709148401
 ===== EM-algorithm: iteration 115 =====
finished type 1....
finished type 2....
finished type 3....
finished type 4....
finished type 5....
current likelihood: -12.30613112792881
current error: 0.0009148408048069712, 0.03734874400066346
 ===== EM-algorithm: iteration 116 =====
finished type 1....
finished type 2....
finished type 3....
finished type 4....
finished type 5....
current likelihood: -12.305160958357105
current error: 0.0009701695717048153, 0.040210090510804264
 ===== EM-algorithm: iteration 117 =====
finished type 1....
finished type 2....
finished type 3....
finished type 4....
finished type 5....
current likelihood: -12.30403237587165
current error: 0.0011285824854549986, 0.03908265514921716
 ===== EM-algorithm: iteration 118 =====
finished type 1....
finished type 2....
finished type 3....
finished type 4....
finished type 5....
current likelihood: -12.302781061829409
current error: 0.0012513140422409919, 0.039204852747337426
 ===== EM-algorithm: iteration 119 =====
finished type 1....
finished type 2....
finished type 3....
finished type 4....
finished type 5....
current likelihood: -12.301736872982863
current error: 0.0010441888465457794, 0.03986887334681999
 ===== EM-algorithm: iteration 120 =====
finished type 1....
finished type 2....
finished type 3....
finished type 4....
finished type 5....
current likelihood: -12.30048291595386
current error: 0.0012539570290037716, 0.057820825240072926
 ===== EM-algorithm: iteration 121 =====
finished type 1....
finished type 2....
finished type 3....
finished type 4....
finished type 5....
current likelihood: -12.299264981652728
current error: 0.0012179343011311516, 0.08401698707790073
 ===== EM-algorithm: iteration 122 =====
finished type 1....
finished type 2....
finished type 3....
finished type 4....
finished type 5....
current likelihood: -12.297718239531715
current error: 0.0015467421210129118, 0.05948451349440376
 ===== EM-algorithm: iteration 123 =====
finished type 1....
finished type 2....
finished type 3....
finished type 4....
finished type 5....
current likelihood: -12.296017811135892
current error: 0.0017004283958232946, 0.037041695068694924
 ===== EM-algorithm: iteration 124 =====
finished type 1....
finished type 2....
finished type 3....
finished type 4....
finished type 5....
current likelihood: -12.294584440942213
current error: 0.0014333701936788401, 0.04307376139387342
 ===== EM-algorithm: iteration 125 =====
finished type 1....
finished type 2....
finished type 3....
finished type 4....
finished type 5....
current likelihood: -12.293150918880588
current error: 0.0014335220616246147, 0.04275522019923805
 ===== EM-algorithm: iteration 126 =====
finished type 1....
finished type 2....
finished type 3....
finished type 4....
finished type 5....
current likelihood: -12.291646260361784
current error: 0.001504658518804547, 0.04408544089040012
 ===== EM-algorithm: iteration 127 =====
finished type 1....
finished type 2....
finished type 3....
finished type 4....
finished type 5....
current likelihood: -12.290289769907567
current error: 0.0013564904542171519, 0.045385135324465864
 ===== EM-algorithm: iteration 128 =====
finished type 1....
finished type 2....
finished type 3....
finished type 4....
finished type 5....
current likelihood: -12.28890337965317
current error: 0.0013863902543960194, 0.047698170417838526
 ===== EM-algorithm: iteration 129 =====
finished type 1....
finished type 2....
finished type 3....
finished type 4....
finished type 5....
current likelihood: -12.287492573353553
current error: 0.0014108062996172066, 0.05069778753617049
 ===== EM-algorithm: iteration 130 =====
finished type 1....
finished type 2....
finished type 3....
finished type 4....
finished type 5....
current likelihood: -12.286050165024161
current error: 0.0014424083293924639, 0.05016771670209863
 ===== EM-algorithm: iteration 131 =====
finished type 1....
finished type 2....
finished type 3....
finished type 4....
finished type 5....
current likelihood: -12.284661333976318
current error: 0.001388831047842487, 0.05072129264334224
 ===== EM-algorithm: iteration 132 =====
finished type 1....
finished type 2....
finished type 3....
finished type 4....
finished type 5....
current likelihood: -12.283377281183006
current error: 0.0012840527933128953, 0.04834766765955356
 ===== EM-algorithm: iteration 133 =====
finished type 1....
finished type 2....
finished type 3....
finished type 4....
finished type 5....
current likelihood: -12.282094148664854
current error: 0.0012831325181519304, 0.04986366445630663
 ===== EM-algorithm: iteration 134 =====
finished type 1....
finished type 2....
finished type 3....
finished type 4....
finished type 5....
current likelihood: -12.280539159375861
current error: 0.0015549892889925587, 0.0448904334173581
 ===== EM-algorithm: iteration 135 =====
finished type 1....
finished type 2....
finished type 3....
finished type 4....
finished type 5....
current likelihood: -12.279163349965355
current error: 0.0013758094105060792, 0.04228029816259449
 ===== EM-algorithm: iteration 136 =====
finished type 1....
finished type 2....
finished type 3....
finished type 4....
finished type 5....
current likelihood: -12.27764305268264
current error: 0.0015202972827150774, 0.03951949723517023
 ===== EM-algorithm: iteration 137 =====
finished type 1....
finished type 2....
finished type 3....
finished type 4....
finished type 5....
current likelihood: -12.276384473457783
current error: 0.0012585792248565042, 0.03933787573759506
 ===== EM-algorithm: iteration 138 =====
finished type 1....
finished type 2....
finished type 3....
finished type 4....
finished type 5....
current likelihood: -12.27466770668532
current error: 0.00171676677246424, 0.04011223889185178
 ===== EM-algorithm: iteration 139 =====
finished type 1....
finished type 2....
finished type 3....
finished type 4....
finished type 5....
current likelihood: -12.273152279039078
current error: 0.0015154276462414629, 0.036045020621560564
 ===== EM-algorithm: iteration 140 =====
finished type 1....
finished type 2....
finished type 3....
finished type 4....
finished type 5....
current likelihood: -12.271817263873034
current error: 0.0013350151660436183, 0.03601924234971854
 ===== EM-algorithm: iteration 141 =====
finished type 1....
finished type 2....
finished type 3....
finished type 4....
finished type 5....
current likelihood: -12.27090747982766
current error: 0.000909784045374451, 0.033575469367711275
 ===== EM-algorithm: iteration 142 =====
finished type 1....
finished type 2....
finished type 3....
finished type 4....
finished type 5....
current likelihood: -12.27010186434109
current error: 0.0008056154865698772, 0.03191423986217634
 ===== EM-algorithm: iteration 143 =====
finished type 1....
finished type 2....
finished type 3....
finished type 4....
finished type 5....
current likelihood: -12.269240520788372
current error: 0.0008613435527173863, 0.03054276040609505
 ===== EM-algorithm: iteration 144 =====
finished type 1....
finished type 2....
finished type 3....
finished type 4....
finished type 5....
current likelihood: -12.268294954143897
current error: 0.0009455666444750932, 0.03001644100699208
 ===== EM-algorithm: iteration 145 =====
finished type 1....
finished type 2....
finished type 3....
finished type 4....
finished type 5....
current likelihood: -12.267351250209686
current error: 0.0009437039342117259, 0.02891890238518835
 ===== EM-algorithm: iteration 146 =====
finished type 1....
finished type 2....
finished type 3....
finished type 4....
finished type 5....
current likelihood: -12.266389583385411
current error: 0.0009616668242742321, 0.02828728769187272
 ===== EM-algorithm: iteration 147 =====
finished type 1....
finished type 2....
finished type 3....
finished type 4....
finished type 5....
current likelihood: -12.265493279451045
current error: 0.0008963039343665713, 0.030425136154391907
 ===== EM-algorithm: iteration 148 =====
finished type 1....
finished type 2....
finished type 3....
finished type 4....
finished type 5....
current likelihood: -12.264582737262508
current error: 0.0009105421885369225, 0.035198956750145616
 ===== EM-algorithm: iteration 149 =====
finished type 1....
finished type 2....
finished type 3....
finished type 4....
finished type 5....
current likelihood: -12.263786566511529
current error: 0.0007961707509789306, 0.0330937163752929
 ===== EM-algorithm: iteration 150 =====
finished type 1....
finished type 2....
finished type 3....
finished type 4....
finished type 5....
current likelihood: -12.262895824213452
current error: 0.000890742298077285, 0.03527527786557494
 ===== EM-algorithm: iteration 151 =====
finished type 1....
finished type 2....
finished type 3....
finished type 4....
finished type 5....
current likelihood: -12.26207491464773
current error: 0.0008209095657214505, 0.03189215248623389
 ===== EM-algorithm: iteration 152 =====
finished type 1....
finished type 2....
finished type 3....
finished type 4....
finished type 5....
current likelihood: -12.26120235869662
current error: 0.0008725559511102432, 0.033046925247622205
 ===== EM-algorithm: iteration 153 =====
finished type 1....
finished type 2....
finished type 3....
finished type 4....
finished type 5....
current likelihood: -12.260340161886369
current error: 0.0008621968102513478, 0.02829845234062578
 ===== EM-algorithm: iteration 154 =====
finished type 1....
finished type 2....
finished type 3....
finished type 4....
finished type 5....
current likelihood: -12.259619047710597
current error: 0.0007211141757714756, 0.028087038526501296
 ===== EM-algorithm: iteration 155 =====
finished type 1....
finished type 2....
finished type 3....
finished type 4....
finished type 5....
current likelihood: -12.258623624767132
current error: 0.0009954229434647743, 0.025692488358577403
 ===== EM-algorithm: iteration 156 =====
finished type 1....
finished type 2....
finished type 3....
finished type 4....
finished type 5....
current likelihood: -12.257584799822576
current error: 0.0010388249445565378, 0.026140631448354767
 ===== EM-algorithm: iteration 157 =====
finished type 1....
finished type 2....
finished type 3....
finished type 4....
finished type 5....
current likelihood: -12.256548463789402
current error: 0.001036336033173768, 0.027306360900321014
 ===== EM-algorithm: iteration 158 =====
finished type 1....
finished type 2....
finished type 3....
finished type 4....
finished type 5....
current likelihood: -12.255518972546097
current error: 0.0010294912433046477, 0.028682764993649634
 ===== EM-algorithm: iteration 159 =====
finished type 1....
finished type 2....
finished type 3....
finished type 4....
finished type 5....
current likelihood: -12.254812436566526
current error: 0.0007065359795710435, 0.028703310876544652
 ===== EM-algorithm: iteration 160 =====
finished type 1....
finished type 2....
finished type 3....
finished type 4....
finished type 5....
current likelihood: -12.254209770902303
current error: 0.0006026656642230677, 0.02732049067590747
 ===== EM-algorithm: iteration 161 =====
finished type 1....
finished type 2....
finished type 3....
finished type 4....
finished type 5....
current likelihood: -12.25322751712356
current error: 0.0009822537787425034, 0.02872942592008121
 ===== EM-algorithm: iteration 162 =====
finished type 1....
finished type 2....
finished type 3....
finished type 4....
finished type 5....
current likelihood: -12.25234158028837
current error: 0.0008859368351910035, 0.028876069967471718
 ===== EM-algorithm: iteration 163 =====
finished type 1....
finished type 2....
finished type 3....
finished type 4....
finished type 5....
current likelihood: -12.250886737846125
current error: 0.001454842442244697, 0.03069424808044019
 ===== EM-algorithm: iteration 164 =====
finished type 1....
finished type 2....
finished type 3....
finished type 4....
finished type 5....
current likelihood: -12.24861613423705
current error: 0.0022706036090749393, 0.032572631802875396
 ===== EM-algorithm: iteration 165 =====
finished type 1....
finished type 2....
finished type 3....
finished type 4....
finished type 5....
current likelihood: -12.246601245615418
current error: 0.002014888621632238, 0.032347127321374014
 ===== EM-algorithm: iteration 166 =====
finished type 1....
finished type 2....
finished type 3....
finished type 4....
finished type 5....
current likelihood: -12.244895635498827
current error: 0.0017056101165913162, 0.03252334773188137
 ===== EM-algorithm: iteration 167 =====
finished type 1....
finished type 2....
finished type 3....
finished type 4....
finished type 5....
current likelihood: -12.24315591102248
current error: 0.0017397244763461828, 0.03336358897400249
 ===== EM-algorithm: iteration 168 =====
finished type 1....
finished type 2....
finished type 3....
finished type 4....
finished type 5....
current likelihood: -12.242181900323937
current error: 0.000974010698543637, 0.032168836143457114
 ===== EM-algorithm: iteration 169 =====
finished type 1....
finished type 2....
finished type 3....
finished type 4....
finished type 5....
current likelihood: -12.24095207964037
current error: 0.0012298206835659187, 0.03447385018479565
 ===== EM-algorithm: iteration 170 =====
finished type 1....
finished type 2....
finished type 3....
finished type 4....
finished type 5....
current likelihood: -12.240158571354714
current error: 0.0007935082856569409, 0.04037466134197887
 ===== EM-algorithm: iteration 171 =====
finished type 1....
finished type 2....
finished type 3....
finished type 4....
finished type 5....
current likelihood: -12.23914884412765
current error: 0.001009727227064161, 0.04516201604342607
 ===== EM-algorithm: iteration 172 =====
finished type 1....
finished type 2....
finished type 3....
finished type 4....
finished type 5....
current likelihood: -12.23810397674517
current error: 0.0010448673824789978, 0.04675591443398197
 ===== EM-algorithm: iteration 173 =====
finished type 1....
finished type 2....
finished type 3....
finished type 4....
finished type 5....
current likelihood: -12.237025295922905
current error: 0.0010786808222658095, 0.04481848983560699
 ===== EM-algorithm: iteration 174 =====
finished type 1....
finished type 2....
finished type 3....
finished type 4....
finished type 5....
current likelihood: -12.23611607720928
current error: 0.0009092187136250374, 0.043477744682566044
 ===== EM-algorithm: iteration 175 =====
finished type 1....
finished type 2....
finished type 3....
finished type 4....
finished type 5....
current likelihood: -12.23519721608398
current error: 0.000918861125299486, 0.03675316697302611
 ===== EM-algorithm: iteration 176 =====
finished type 1....
finished type 2....
finished type 3....
finished type 4....
finished type 5....
current likelihood: -12.23436430096978
current error: 0.000832915114200361, 0.03589172783433403
 ===== EM-algorithm: iteration 177 =====
finished type 1....
finished type 2....
finished type 3....
finished type 4....
finished type 5....
current likelihood: -12.233547816612848
current error: 0.0008164843569318236, 0.0332865391882331
 ===== EM-algorithm: iteration 178 =====
finished type 1....
finished type 2....
finished type 3....
finished type 4....
finished type 5....
current likelihood: -12.232697657368027
current error: 0.0008501592448215689, 0.03131639179895829
 ===== EM-algorithm: iteration 179 =====
finished type 1....
finished type 2....
finished type 3....
finished type 4....
finished type 5....
current likelihood: -12.231746520447809
current error: 0.0009511369202179765, 0.03101035798644647
 ===== EM-algorithm: iteration 180 =====
finished type 1....
finished type 2....
finished type 3....
finished type 4....
finished type 5....
current likelihood: -12.230781067839514
current error: 0.0009654526082947257, 0.029437639409753302
 ===== EM-algorithm: iteration 181 =====
finished type 1....
finished type 2....
finished type 3....
finished type 4....
finished type 5....
current likelihood: -12.22946735974767
current error: 0.00131370809184439, 0.029121539308193167
 ===== EM-algorithm: iteration 182 =====
finished type 1....
finished type 2....
finished type 3....
finished type 4....
finished type 5....
current likelihood: -12.228426732962197
current error: 0.001040626785473009, 0.029277742174657284
 ===== EM-algorithm: iteration 183 =====
finished type 1....
finished type 2....
finished type 3....
finished type 4....
finished type 5....
current likelihood: -12.22724488527959
current error: 0.0011818476826057633, 0.028394309400255224
 ===== EM-algorithm: iteration 184 =====
finished type 1....
finished type 2....
finished type 3....
finished type 4....
finished type 5....
current likelihood: -12.226179685403945
current error: 0.0010651998756454617, 0.027882632987812794
 ===== EM-algorithm: iteration 185 =====
finished type 1....
finished type 2....
finished type 3....
finished type 4....
finished type 5....
current likelihood: -12.225399466420987
current error: 0.0007802189829586581, 0.02757855557093336
 ===== EM-algorithm: iteration 186 =====
finished type 1....
finished type 2....
finished type 3....
finished type 4....
finished type 5....
current likelihood: -12.224873594327983
current error: 0.0005258720930036986, 0.027167049104719343
 ===== EM-algorithm: iteration 187 =====
finished type 1....
finished type 2....
finished type 3....
finished type 4....
finished type 5....
current likelihood: -12.224461366000407
current error: 0.0004122283275762584, 0.031777518376856495
 ===== EM-algorithm: iteration 188 =====
finished type 1....
finished type 2....
finished type 3....
finished type 4....
finished type 5....
current likelihood: -12.224068662671197
current error: 0.0003927033292097093, 0.03645103870420208
 ===== EM-algorithm: iteration 189 =====
finished type 1....
finished type 2....
finished type 3....
finished type 4....
finished type 5....
current likelihood: -12.223739169614827
current error: 0.00032949305636975623, 0.0262396908398701
 ===== EM-algorithm: iteration 190 =====
finished type 1....
finished type 2....
finished type 3....
finished type 4....
finished type 5....
current likelihood: -12.22343518350632
current error: 0.0003039861085074591, 0.033886289719486484
 ===== EM-algorithm: iteration 191 =====
finished type 1....
finished type 2....
finished type 3....
finished type 4....
finished type 5....
current likelihood: -12.223174213022489
current error: 0.0002609704838310023, 0.03431422573036835
 ===== EM-algorithm: iteration 192 =====
finished type 1....
finished type 2....
finished type 3....
finished type 4....
finished type 5....
current likelihood: -12.222848662453002
current error: 0.0003255505694870209, 0.032964685872204136
 ===== EM-algorithm: iteration 193 =====
finished type 1....
finished type 2....
finished type 3....
finished type 4....
finished type 5....
current likelihood: -12.222574530006556
current error: 0.0002741324464459183, 0.032751862048075786
 ===== EM-algorithm: iteration 194 =====
finished type 1....
finished type 2....
finished type 3....
finished type 4....
finished type 5....
current likelihood: -12.222245288019572
current error: 0.0003292419869840302, 0.03146278905524591
 ===== EM-algorithm: iteration 195 =====
finished type 1....
finished type 2....
finished type 3....
finished type 4....
finished type 5....
current likelihood: -12.221874787307987
current error: 0.00037050071158439835, 0.03299003928259259
 ===== EM-algorithm: iteration 196 =====
finished type 1....
finished type 2....
finished type 3....
finished type 4....
finished type 5....
current likelihood: -12.22155780012605
current error: 0.00031698718193773345, 0.030136509013360513
 ===== EM-algorithm: iteration 197 =====
finished type 1....
finished type 2....
finished type 3....
finished type 4....
finished type 5....
current likelihood: -12.221189314445276
current error: 0.00036848568077374466, 0.03158902627751248
 ===== EM-algorithm: iteration 198 =====
finished type 1....
finished type 2....
finished type 3....
finished type 4....
finished type 5....
current likelihood: -12.220721705178207
current error: 0.00046760926706923556, 0.028305171111211003
 ===== EM-algorithm: iteration 199 =====
finished type 1....
finished type 2....
finished type 3....
finished type 4....
finished type 5....
current likelihood: -12.220368701612955
current error: 0.0003530035652516972, 0.03009250596625268
 ===== EM-algorithm: iteration 200 =====
finished type 1....
finished type 2....
finished type 3....
finished type 4....
finished type 5....
current likelihood: -12.220022655378152
current error: 0.00034604623480305463, 0.03208360794322296
 ===== EM-algorithm: iteration 201 =====
finished type 1....
finished type 2....
finished type 3....
finished type 4....
finished type 5....
current likelihood: -12.219714706278904
current error: 0.00030794909924836134, 0.029611440628720676
 ===== EM-algorithm: iteration 202 =====
finished type 1....
finished type 2....
finished type 3....
finished type 4....
finished type 5....
current likelihood: -12.219397773228035
current error: 0.0003169330508683288, 0.029733518936306158
 ===== EM-algorithm: iteration 203 =====
finished type 1....
finished type 2....
finished type 3....
finished type 4....
finished type 5....
current likelihood: -12.219081748980123
current error: 0.00031602424791188355, 0.029878263276031714
 ===== EM-algorithm: iteration 204 =====
finished type 1....
finished type 2....
finished type 3....
finished type 4....
finished type 5....
current likelihood: -12.218737210265317
current error: 0.00034453871480621956, 0.029705714208954515
 ===== EM-algorithm: iteration 205 =====
finished type 1....
finished type 2....
finished type 3....
finished type 4....
finished type 5....
current likelihood: -12.218462868858586
current error: 0.0002743414067314376, 0.028495381947683196
 ===== EM-algorithm: iteration 206 =====
finished type 1....
finished type 2....
finished type 3....
finished type 4....
finished type 5....
current likelihood: -12.218149004637983
current error: 0.00031386422060286634, 0.028819599801011453
 ===== EM-algorithm: iteration 207 =====
finished type 1....
finished type 2....
finished type 3....
finished type 4....
finished type 5....
current likelihood: -12.217709021293206
current error: 0.00043998334477635126, 0.02783678293467684
 ===== EM-algorithm: iteration 208 =====
finished type 1....
finished type 2....
finished type 3....
finished type 4....
finished type 5....
current likelihood: -12.216450621711855
current error: 0.0012583995813510995, 0.02132151232075019
 ===== EM-algorithm: iteration 209 =====
finished type 1....
finished type 2....
finished type 3....
finished type 4....
finished type 5....
current likelihood: -12.21545688234512
current error: 0.0009937393667360794, 0.02317907543514064
 ===== EM-algorithm: iteration 210 =====
finished type 1....
finished type 2....
finished type 3....
finished type 4....
finished type 5....
current likelihood: -12.215063396400865
current error: 0.00039348594425447914, 0.026407108341417018
 ===== EM-algorithm: iteration 211 =====
finished type 1....
finished type 2....
finished type 3....
finished type 4....
finished type 5....
current likelihood: -12.214759191591632
current error: 0.00030420480923254445, 0.025208563966278685
 ===== EM-algorithm: iteration 212 =====
finished type 1....
finished type 2....
finished type 3....
finished type 4....
finished type 5....
current likelihood: -12.214454267819251
current error: 0.000304923772381116, 0.026358546552660567
 ===== EM-algorithm: iteration 213 =====
finished type 1....
finished type 2....
finished type 3....
finished type 4....
finished type 5....
current likelihood: -12.214113269244026
current error: 0.00034099857522562615, 0.026024659116242077
 ===== EM-algorithm: iteration 214 =====
finished type 1....
finished type 2....
finished type 3....
finished type 4....
finished type 5....
current likelihood: -12.213818063981686
current error: 0.00029520526233994815, 0.026521455510826186
 ===== EM-algorithm: iteration 215 =====
finished type 1....
finished type 2....
finished type 3....
finished type 4....
finished type 5....
current likelihood: -12.213516238651392
current error: 0.00030182533029332603, 0.02628537003538778
 ===== EM-algorithm: iteration 216 =====
finished type 1....
finished type 2....
finished type 3....
finished type 4....
finished type 5....
current likelihood: -12.21324126017191
current error: 0.00027497847948154686, 0.026365462117989846
 ===== EM-algorithm: iteration 217 =====
finished type 1....
finished type 2....
finished type 3....
finished type 4....
finished type 5....
current likelihood: -12.212984103325358
current error: 0.0002571568465530305, 0.025292463388914666
 ===== EM-algorithm: iteration 218 =====
finished type 1....
finished type 2....
finished type 3....
finished type 4....
finished type 5....
current likelihood: -12.212689500519215
current error: 0.00029460280614301837, 0.02539641559126382
 ===== EM-algorithm: iteration 219 =====
finished type 1....
finished type 2....
finished type 3....
finished type 4....
finished type 5....
current likelihood: -12.212394876655157
current error: 0.0002946238640575416, 0.02436160653881103
 ===== EM-algorithm: iteration 220 =====
finished type 1....
finished type 2....
finished type 3....
finished type 4....
finished type 5....
current likelihood: -12.212000801607573
current error: 0.00039407504758415257, 0.02346622023935918
 ===== EM-algorithm: iteration 221 =====
finished type 1....
finished type 2....
finished type 3....
finished type 4....
finished type 5....
current likelihood: -12.211533383197937
current error: 0.0004674184096362666, 0.02244804117997612
 ===== EM-algorithm: iteration 222 =====
finished type 1....
finished type 2....
finished type 3....
finished type 4....
finished type 5....
current likelihood: -12.211140042496549
current error: 0.0003933407013878565, 0.022505065842262972
 ===== EM-algorithm: iteration 223 =====
finished type 1....
finished type 2....
finished type 3....
finished type 4....
finished type 5....
current likelihood: -12.21085066214014
current error: 0.000289380356408131, 0.022873792157509065
 ===== EM-algorithm: iteration 224 =====
finished type 1....
finished type 2....
finished type 3....
finished type 4....
finished type 5....
current likelihood: -12.210589037962505
current error: 0.0002616241776358663, 0.023252567000861646
 ===== EM-algorithm: iteration 225 =====
finished type 1....
finished type 2....
finished type 3....
finished type 4....
finished type 5....
current likelihood: -12.21032051449438
current error: 0.00026852346812411554, 0.02302676417706584
 ===== EM-algorithm: iteration 226 =====
finished type 1....
finished type 2....
finished type 3....
finished type 4....
finished type 5....
current likelihood: -12.210096372659907
current error: 0.00022414183447416747, 0.022994377231113194
 ===== EM-algorithm: iteration 227 =====
finished type 1....
finished type 2....
finished type 3....
finished type 4....
finished type 5....
current likelihood: -12.209854337979264
current error: 0.00024203468064243339, 0.02288656824840718
 ===== EM-algorithm: iteration 228 =====
finished type 1....
finished type 2....
finished type 3....
finished type 4....
finished type 5....
current likelihood: -12.209608809611133
current error: 0.00024552836813107604, 0.02272845614592045
 ===== EM-algorithm: iteration 229 =====
finished type 1....
finished type 2....
finished type 3....
finished type 4....
finished type 5....
current likelihood: -12.209352481680764
current error: 0.00025632793036933776, 0.022487897674907664
 ===== EM-algorithm: iteration 230 =====
finished type 1....
finished type 2....
finished type 3....
finished type 4....
finished type 5....
current likelihood: -12.209090248559182
current error: 0.0002622331215818008, 0.02225977014212166
 ===== EM-algorithm: iteration 231 =====
finished type 1....
finished type 2....
finished type 3....
finished type 4....
finished type 5....
current likelihood: -12.208840215952334
current error: 0.00025003260684819395, 0.022105079469786126
 ===== EM-algorithm: iteration 232 =====
finished type 1....
finished type 2....
finished type 3....
finished type 4....
finished type 5....
current likelihood: -12.208598057358355
current error: 0.00024215859397891393, 0.021947137173123465
 ===== EM-algorithm: iteration 233 =====
finished type 1....
finished type 2....
finished type 3....
finished type 4....
finished type 5....
current likelihood: -12.208326468517207
current error: 0.0002715888411479739, 0.02155883281975912
 ===== EM-algorithm: iteration 234 =====
finished type 1....
finished type 2....
finished type 3....
finished type 4....
finished type 5....
current likelihood: -12.20802802647397
current error: 0.00029844204323659085, 0.021340992698733352
 ===== EM-algorithm: iteration 235 =====
finished type 1....
finished type 2....
finished type 3....
finished type 4....
finished type 5....
current likelihood: -12.207738651268365
current error: 0.00028937520560567975, 0.02094688811952139
 ===== EM-algorithm: iteration 236 =====
finished type 1....
finished type 2....
finished type 3....
finished type 4....
finished type 5....
current likelihood: -12.20738074913094
current error: 0.0003579021374253699, 0.020615372892963002
 ===== EM-algorithm: iteration 237 =====
finished type 1....
finished type 2....
finished type 3....
finished type 4....
finished type 5....
current likelihood: -12.2070367150201
current error: 0.00034403411083872015, 0.019885084167453382
 ===== EM-algorithm: iteration 238 =====
finished type 1....
finished type 2....
finished type 3....
finished type 4....
finished type 5....
current likelihood: -12.206670743805292
current error: 0.0003659712148085248, 0.019537958072834982
 ===== EM-algorithm: iteration 239 =====
finished type 1....
finished type 2....
finished type 3....
finished type 4....
finished type 5....
current likelihood: -12.206341165290292
current error: 0.0003295785150001507, 0.01960519315370224
 ===== EM-algorithm: iteration 240 =====
finished type 1....
finished type 2....
finished type 3....
finished type 4....
finished type 5....
current likelihood: -12.206061319620215
current error: 0.0002798456700769947, 0.019932613135595467
 ===== EM-algorithm: iteration 241 =====
finished type 1....
finished type 2....
finished type 3....
finished type 4....
finished type 5....
current likelihood: -12.205801341767776
current error: 0.00025997785243880855, 0.02013652878031813
 ===== EM-algorithm: iteration 242 =====
finished type 1....
finished type 2....
finished type 3....
finished type 4....
finished type 5....
current likelihood: -12.205568610905171
current error: 0.0002327308626046687, 0.02039927569665201
 ===== EM-algorithm: iteration 243 =====
finished type 1....
finished type 2....
finished type 3....
finished type 4....
finished type 5....
current likelihood: -12.205367046201248
current error: 0.00020156470392329595, 0.02022815638449682
 ===== EM-algorithm: iteration 244 =====
finished type 1....
finished type 2....
finished type 3....
finished type 4....
finished type 5....
current likelihood: -12.20516218350173
current error: 0.00020486269951724978, 0.020058391668011932
 ===== EM-algorithm: iteration 245 =====
finished type 1....
finished type 2....
finished type 3....
finished type 4....
finished type 5....
current likelihood: -12.204966894132445
current error: 0.0001952893692855895, 0.019999922640006496
 ===== EM-algorithm: iteration 246 =====
finished type 1....
finished type 2....
finished type 3....
finished type 4....
finished type 5....
current likelihood: -12.204794554118513
current error: 0.00017234001393262588, 0.019761962777052222
 ===== EM-algorithm: iteration 247 =====
finished type 1....
finished type 2....
finished type 3....
finished type 4....
finished type 5....
current likelihood: -12.204620664348997
current error: 0.00017388976951515644, 0.019510401338087124
 ===== EM-algorithm: iteration 248 =====
finished type 1....
finished type 2....
finished type 3....
finished type 4....
finished type 5....
current likelihood: -12.204444999368956
current error: 0.00017566498004129016, 0.01928974854434662
 ===== EM-algorithm: iteration 249 =====
finished type 1....
finished type 2....
finished type 3....
finished type 4....
finished type 5....
current likelihood: -12.204265127039607
current error: 0.00017987232934935093, 0.019071632505942127
 ===== EM-algorithm: iteration 250 =====
finished type 1....
finished type 2....
finished type 3....
finished type 4....
finished type 5....
current likelihood: -12.204101551410583
current error: 0.00016357562902413747, 0.01886252152263923
 ===== EM-algorithm: iteration 251 =====
finished type 1....
finished type 2....
finished type 3....
finished type 4....
finished type 5....
current likelihood: -12.20396238266365
current error: 0.00013916874693187253, 0.018686168220240162
 ===== EM-algorithm: iteration 252 =====
finished type 1....
finished type 2....
finished type 3....
finished type 4....
finished type 5....
current likelihood: -12.203830874164238
current error: 0.00013150849941290232, 0.018454405133583762
 ===== EM-algorithm: iteration 253 =====
finished type 1....
finished type 2....
finished type 3....
finished type 4....
finished type 5....
current likelihood: -12.20367427172063
current error: 0.00015660244360837794, 0.018449244253996966
 ===== EM-algorithm: iteration 254 =====
finished type 1....
finished type 2....
finished type 3....
finished type 4....
finished type 5....
current likelihood: -12.203487057209461
current error: 0.000187214511168321, 0.018149010146863986
 ===== EM-algorithm: iteration 255 =====
finished type 1....
finished type 2....
finished type 3....
finished type 4....
finished type 5....
current likelihood: -12.203326072461836
current error: 0.00016098474762493709, 0.01799386973156558
 ===== EM-algorithm: iteration 256 =====
finished type 1....
finished type 2....
finished type 3....
finished type 4....
finished type 5....
current likelihood: -12.203167011867803
current error: 0.0001590605940329226, 0.017814366832410222
 ===== EM-algorithm: iteration 257 =====
finished type 1....
finished type 2....
finished type 3....
finished type 4....
finished type 5....
current likelihood: -12.202976188346577
current error: 0.00019082352122623547, 0.017473575610567504
 ===== EM-algorithm: iteration 258 =====
finished type 1....
finished type 2....
finished type 3....
finished type 4....
finished type 5....
current likelihood: -12.202786606152053
current error: 0.00018958219452436254, 0.01720930831274936
 ===== EM-algorithm: iteration 259 =====
finished type 1....
finished type 2....
finished type 3....
finished type 4....
finished type 5....
current likelihood: -12.202591725294237
current error: 0.0001948808578156047, 0.017031527393799983
 ===== EM-algorithm: iteration 260 =====
finished type 1....
finished type 2....
finished type 3....
finished type 4....
finished type 5....
current likelihood: -12.202414153994075
current error: 0.0001775713001617163, 0.01674728665332248
 ===== EM-algorithm: iteration 261 =====
finished type 1....
finished type 2....
finished type 3....
finished type 4....
finished type 5....
current likelihood: -12.202188836570265
current error: 0.00022531742381026731, 0.0164406072346841
 ===== EM-algorithm: iteration 262 =====
finished type 1....
finished type 2....
finished type 3....
finished type 4....
finished type 5....
current likelihood: -12.202011023379582
current error: 0.00017781319068355117, 0.016377453224067473
 ===== EM-algorithm: iteration 263 =====
finished type 1....
finished type 2....
finished type 3....
finished type 4....
finished type 5....
current likelihood: -12.201807133784701
current error: 0.00020388959488037983, 0.016166770858519364
 ===== EM-algorithm: iteration 264 =====
finished type 1....
finished type 2....
finished type 3....
finished type 4....
finished type 5....
current likelihood: -12.201613041599147
current error: 0.00019409218555388463, 0.01610968370762711
 ===== EM-algorithm: iteration 265 =====
finished type 1....
finished type 2....
finished type 3....
finished type 4....
finished type 5....
current likelihood: -12.20141013934557
current error: 0.00020290225357655345, 0.015940229133328376
 ===== EM-algorithm: iteration 266 =====
finished type 1....
finished type 2....
finished type 3....
finished type 4....
finished type 5....
current likelihood: -12.201217594685396
current error: 0.00019254466017493144, 0.015756688271384878
 ===== EM-algorithm: iteration 267 =====
finished type 1....
finished type 2....
finished type 3....
finished type 4....
finished type 5....
current likelihood: -12.200991740216788
current error: 0.0002258544686082331, 0.01555144184863666
 ===== EM-algorithm: iteration 268 =====
finished type 1....
finished type 2....
finished type 3....
finished type 4....
finished type 5....
current likelihood: -12.200791823742575
current error: 0.00019991647421235825, 0.015467567965602669
 ===== EM-algorithm: iteration 269 =====
finished type 1....
finished type 2....
finished type 3....
finished type 4....
finished type 5....
current likelihood: -12.20059481604497
current error: 0.00019700769760433445, 0.01529257441899512
 ===== EM-algorithm: iteration 270 =====
finished type 1....
finished type 2....
finished type 3....
finished type 4....
finished type 5....
current likelihood: -12.200070925773339
current error: 0.0005238902716317995, 0.014845735203620425
 ===== EM-algorithm: iteration 271 =====
finished type 1....
finished type 2....
finished type 3....
finished type 4....
finished type 5....
current likelihood: -12.199040373200043
current error: 0.001030552573295651, 0.01522876875235002
 ===== EM-algorithm: iteration 272 =====
finished type 1....
finished type 2....
finished type 3....
finished type 4....
finished type 5....
current likelihood: -12.19867514733258
current error: 0.00036522586746379204, 0.015539789888435296
 ===== EM-algorithm: iteration 273 =====
finished type 1....
finished type 2....
finished type 3....
finished type 4....
finished type 5....
current likelihood: -12.198442305406802
current error: 0.00023284192577754936, 0.015129656249559975
 ===== EM-algorithm: iteration 274 =====
finished type 1....
finished type 2....
finished type 3....
finished type 4....
finished type 5....
current likelihood: -12.198232813112881
current error: 0.00020949229392108748, 0.014737710177106456
 ===== EM-algorithm: iteration 275 =====
finished type 1....
finished type 2....
finished type 3....
finished type 4....
finished type 5....
current likelihood: -12.198044931761522
current error: 0.0001878813513584987, 0.014462862891266415
 ===== EM-algorithm: iteration 276 =====
finished type 1....
finished type 2....
finished type 3....
finished type 4....
finished type 5....
current likelihood: -12.197863074717544
current error: 0.0001818570439784395, 0.014275709827495486
 ===== EM-algorithm: iteration 277 =====
finished type 1....
finished type 2....
finished type 3....
finished type 4....
finished type 5....
current likelihood: -12.197597265727243
current error: 0.0002658089903011529, 0.014127117176495396
 ===== EM-algorithm: iteration 278 =====
finished type 1....
finished type 2....
finished type 3....
finished type 4....
finished type 5....
current likelihood: -12.197235204895534
current error: 0.00036206083170853276, 0.01397682358615282
 ===== EM-algorithm: iteration 279 =====
finished type 1....
finished type 2....
finished type 3....
finished type 4....
finished type 5....
current likelihood: -12.1959803665232
current error: 0.0012548383723345324, 0.013550656075083767
 ===== EM-algorithm: iteration 280 =====
finished type 1....
finished type 2....
finished type 3....
finished type 4....
finished type 5....
current likelihood: -12.194096980620067
current error: 0.0018833859031328615, 0.01287922390310614
 ===== EM-algorithm: iteration 281 =====
finished type 1....
finished type 2....
finished type 3....
finished type 4....
finished type 5....
current likelihood: -12.192909549119515
current error: 0.0011874315005524494, 0.01371973301998164
 ===== EM-algorithm: iteration 282 =====
finished type 1....
finished type 2....
finished type 3....
finished type 4....
finished type 5....
current likelihood: -12.192280901709207
current error: 0.0006286474103074369, 0.014525792103376123
 ===== EM-algorithm: iteration 283 =====
finished type 1....
finished type 2....
finished type 3....
finished type 4....
finished type 5....
current likelihood: -12.191913391783782
current error: 0.00036750992542522454, 0.014830574249966588
 ===== EM-algorithm: iteration 284 =====
finished type 1....
finished type 2....
finished type 3....
finished type 4....
finished type 5....
current likelihood: -12.191581068994182
current error: 0.00033232278959971495, 0.014476990598470296
 ===== EM-algorithm: iteration 285 =====
finished type 1....
finished type 2....
finished type 3....
finished type 4....
finished type 5....
current likelihood: -12.191323526893122
current error: 0.0002575421010604373, 0.013824281762051971
 ===== EM-algorithm: iteration 286 =====
finished type 1....
finished type 2....
finished type 3....
finished type 4....
finished type 5....
current likelihood: -12.1909887787996
current error: 0.00033474809352185275, 0.01378093002616021
 ===== EM-algorithm: iteration 287 =====
finished type 1....
finished type 2....
finished type 3....
finished type 4....
finished type 5....
current likelihood: -12.190752525412902
current error: 0.00023625338669752693, 0.01403345034529746
 ===== EM-algorithm: iteration 288 =====
finished type 1....
finished type 2....
finished type 3....
finished type 4....
finished type 5....
current likelihood: -12.190514183824105
current error: 0.00023834158879765255, 0.014296454911156165
 ===== EM-algorithm: iteration 289 =====
finished type 1....
finished type 2....
finished type 3....
finished type 4....
finished type 5....
current likelihood: -12.190118307815247
current error: 0.00039587600885759855, 0.014617056534878659
 ===== EM-algorithm: iteration 290 =====
finished type 1....
finished type 2....
finished type 3....
finished type 4....
finished type 5....
current likelihood: -12.189874134144356
current error: 0.00024417367089135666, 0.013987393835337869
 ===== EM-algorithm: iteration 291 =====
finished type 1....
finished type 2....
finished type 3....
finished type 4....
finished type 5....
current likelihood: -12.189631740138172
current error: 0.00024239400618419893, 0.013842134441348186
 ===== EM-algorithm: iteration 292 =====
finished type 1....
finished type 2....
finished type 3....
finished type 4....
finished type 5....
current likelihood: -12.189419594181013
current error: 0.00021214595715868256, 0.01362946693053213
 ===== EM-algorithm: iteration 293 =====
finished type 1....
finished type 2....
finished type 3....
finished type 4....
finished type 5....
current likelihood: -12.189145435904011
current error: 0.0002741582770013906, 0.013494471194501978
 ===== EM-algorithm: iteration 294 =====
finished type 1....
finished type 2....
finished type 3....
finished type 4....
finished type 5....
current likelihood: -12.188871291480236
current error: 0.0002741444237752688, 0.013296750031625448
 ===== EM-algorithm: iteration 295 =====
finished type 1....
finished type 2....
finished type 3....
finished type 4....
finished type 5....
current likelihood: -12.188598755975063
current error: 0.0002725355051733658, 0.013081340272185882
 ===== EM-algorithm: iteration 296 =====
finished type 1....
finished type 2....
finished type 3....
finished type 4....
finished type 5....
current likelihood: -12.188342923054895
current error: 0.00025583292016762016, 0.01301274010517095
 ===== EM-algorithm: iteration 297 =====
finished type 1....
finished type 2....
finished type 3....
finished type 4....
finished type 5....
current likelihood: -12.188058298962877
current error: 0.0002846240920177934, 0.01292956208170204
 ===== EM-algorithm: iteration 298 =====
finished type 1....
finished type 2....
finished type 3....
finished type 4....
finished type 5....
current likelihood: -12.187794081745144
current error: 0.00026421721773317586, 0.01272233672942158
 ===== EM-algorithm: iteration 299 =====
finished type 1....
finished type 2....
finished type 3....
finished type 4....
finished type 5....
current likelihood: -12.187564912031707
current error: 0.00022916971343711623, 0.012613391024723475
 ===== EM-algorithm: iteration 300 =====
finished type 1....
finished type 2....
finished type 3....
finished type 4....
finished type 5....
current likelihood: -12.187353094355254
current error: 0.00021181767645295224, 0.01242988317662741
 ===== EM-algorithm: iteration 301 =====
finished type 1....
finished type 2....
finished type 3....
finished type 4....
finished type 5....
current likelihood: -12.187112028208794
current error: 0.00024106614645980073, 0.01226000043223796
 ===== EM-algorithm: iteration 302 =====
finished type 1....
finished type 2....
finished type 3....
finished type 4....
finished type 5....
current likelihood: -12.186852949103702
current error: 0.00025907910509204157, 0.012017142788983248
 ===== EM-algorithm: iteration 303 =====
finished type 1....
finished type 2....
finished type 3....
finished type 4....
finished type 5....
current likelihood: -12.18663821054142
current error: 0.00021473856228304555, 0.011897925653807206
 ===== EM-algorithm: iteration 304 =====
finished type 1....
finished type 2....
finished type 3....
finished type 4....
finished type 5....
current likelihood: -12.186380518285917
current error: 0.00025769225550220654, 0.011725413882788693
 ===== EM-algorithm: iteration 305 =====
finished type 1....
finished type 2....
finished type 3....
finished type 4....
finished type 5....
current likelihood: -12.186156585872983
current error: 0.00022393241293450217, 0.011566014438710859
 ===== EM-algorithm: iteration 306 =====
finished type 1....
finished type 2....
finished type 3....
finished type 4....
finished type 5....
current likelihood: -12.185943150413538
current error: 0.0002134354594449661, 0.011464107219787412
 ===== EM-algorithm: iteration 307 =====
finished type 1....
finished type 2....
finished type 3....
finished type 4....
finished type 5....
current likelihood: -12.18574518910433
current error: 0.00019796130920823884, 0.01132821797385919
 ===== EM-algorithm: iteration 308 =====
finished type 1....
finished type 2....
finished type 3....
finished type 4....
finished type 5....
current likelihood: -12.185510036725539
current error: 0.0002351523787904597, 0.011174870517194568
 ===== EM-algorithm: iteration 309 =====
finished type 1....
finished type 2....
finished type 3....
finished type 4....
finished type 5....
current likelihood: -12.185323117338758
current error: 0.00018691938678117026, 0.011051976353057658
 ===== EM-algorithm: iteration 310 =====
finished type 1....
finished type 2....
finished type 3....
finished type 4....
finished type 5....
current likelihood: -12.185138627476462
current error: 0.00018448986229557818, 0.010939338835342483
 ===== EM-algorithm: iteration 311 =====
finished type 1....
finished type 2....
finished type 3....
finished type 4....
finished type 5....
current likelihood: -12.184957153704064
current error: 0.0001814737723986326, 0.01081544367236198
 ===== EM-algorithm: iteration 312 =====
finished type 1....
finished type 2....
finished type 3....
finished type 4....
finished type 5....
current likelihood: -12.18477424002511
current error: 0.0001829136789535113, 0.010699598874140959
 ===== EM-algorithm: iteration 313 =====
finished type 1....
finished type 2....
finished type 3....
finished type 4....
finished type 5....
current likelihood: -12.18457703602635
current error: 0.00019720399875922112, 0.010567139256819624
 ===== EM-algorithm: iteration 314 =====
finished type 1....
finished type 2....
finished type 3....
finished type 4....
finished type 5....
current likelihood: -12.184356956017337
current error: 0.0002200800090133015, 0.01041176784507658
 ===== EM-algorithm: iteration 315 =====
finished type 1....
finished type 2....
finished type 3....
finished type 4....
finished type 5....
current likelihood: -12.18415012047568
current error: 0.00020683554165756846, 0.0102841752879268
 ===== EM-algorithm: iteration 316 =====
finished type 1....
finished type 2....
finished type 3....
finished type 4....
finished type 5....
current likelihood: -12.183943443084516
current error: 0.00020667739116397854, 0.010119283163480652
 ===== EM-algorithm: iteration 317 =====
finished type 1....
finished type 2....
finished type 3....
finished type 4....
finished type 5....
current likelihood: -12.183612505340978
current error: 0.00033093774353787353, 0.009885905926726668
 ===== EM-algorithm: iteration 318 =====
finished type 1....
finished type 2....
finished type 3....
finished type 4....
finished type 5....
current likelihood: -12.183183906977122
current error: 0.00042859836385567007, 0.009368619577504456
 ===== EM-algorithm: iteration 319 =====
finished type 1....
finished type 2....
finished type 3....
finished type 4....
finished type 5....
current likelihood: -12.182766021681516
current error: 0.0004178852956062684, 0.008483031755754489
 ===== EM-algorithm: iteration 320 =====
finished type 1....
finished type 2....
finished type 3....
finished type 4....
finished type 5....
current likelihood: -12.182430316625073
current error: 0.0003357050564432029, 0.007755429711556516
 ===== EM-algorithm: iteration 321 =====
finished type 1....
finished type 2....
finished type 3....
finished type 4....
finished type 5....
current likelihood: -12.182176054822984
current error: 0.00025426180208931726, 0.00744496303851383
 ===== EM-algorithm: iteration 322 =====
finished type 1....
finished type 2....
finished type 3....
finished type 4....
finished type 5....
current likelihood: -12.181951876623673
current error: 0.00022417819931064287, 0.007382691962230181
 ===== EM-algorithm: iteration 323 =====
finished type 1....
finished type 2....
finished type 3....
finished type 4....
finished type 5....
current likelihood: -12.18171934550399
current error: 0.0002325311196837987, 0.007337773782251755
 ===== EM-algorithm: iteration 324 =====
finished type 1....
finished type 2....
finished type 3....
finished type 4....
finished type 5....
current likelihood: -12.181517721011115
current error: 0.00020162449287397521, 0.007458506169710333
 ===== EM-algorithm: iteration 325 =====
finished type 1....
finished type 2....
finished type 3....
finished type 4....
finished type 5....
current likelihood: -12.181293788148947
current error: 0.00022393286216804142, 0.007598470707686156
 ===== EM-algorithm: iteration 326 =====
finished type 1....
finished type 2....
finished type 3....
finished type 4....
finished type 5....
current likelihood: -12.181080854524696
current error: 0.0002129336242511215, 0.007733400524265077
 ===== EM-algorithm: iteration 327 =====
finished type 1....
finished type 2....
finished type 3....
finished type 4....
finished type 5....
current likelihood: -12.180897444673139
current error: 0.00018340985155695932, 0.007857896702621936
 ===== EM-algorithm: iteration 328 =====
finished type 1....
finished type 2....
finished type 3....
finished type 4....
finished type 5....
current likelihood: -12.18069922324124
current error: 0.0001982214318996256, 0.007944841343044962
 ===== EM-algorithm: iteration 329 =====
finished type 1....
finished type 2....
finished type 3....
finished type 4....
finished type 5....
current likelihood: -12.180487411073168
current error: 0.0002118121680716456, 0.00801008873718434
 ===== EM-algorithm: iteration 330 =====
finished type 1....
finished type 2....
finished type 3....
finished type 4....
finished type 5....
current likelihood: -12.180302874703592
current error: 0.00018453636957538322, 0.008047471551462015
 ===== EM-algorithm: iteration 331 =====
finished type 1....
finished type 2....
finished type 3....
finished type 4....
finished type 5....
current likelihood: -12.180131862192423
current error: 0.00017101251116891092, 0.00805872132080232
 ===== EM-algorithm: iteration 332 =====
finished type 1....
finished type 2....
finished type 3....
finished type 4....
finished type 5....
current likelihood: -12.17997268779802
current error: 0.0001591743944029389, 0.008058592000783404
 ===== EM-algorithm: iteration 333 =====
finished type 1....
finished type 2....
finished type 3....
finished type 4....
finished type 5....
current likelihood: -12.179795862053913
current error: 0.0001768257441074894, 0.008046079260923156
 ===== EM-algorithm: iteration 334 =====
finished type 1....
finished type 2....
finished type 3....
finished type 4....
finished type 5....
current likelihood: -12.17960742747536
current error: 0.00018843457855233225, 0.008011610843872141
 ===== EM-algorithm: iteration 335 =====
finished type 1....
finished type 2....
finished type 3....
finished type 4....
finished type 5....
current likelihood: -12.179425174280546
current error: 0.00018225319481501856, 0.007969936291909008
 ===== EM-algorithm: iteration 336 =====
finished type 1....
finished type 2....
finished type 3....
finished type 4....
finished type 5....
current likelihood: -12.179249493714929
current error: 0.00017568056561678702, 0.00792146847878672
 ===== EM-algorithm: iteration 337 =====
finished type 1....
finished type 2....
finished type 3....
finished type 4....
finished type 5....
current likelihood: -12.17906813177599
current error: 0.0001813619389388066, 0.007853586885075092
 ===== EM-algorithm: iteration 338 =====
finished type 1....
finished type 2....
finished type 3....
finished type 4....
finished type 5....
current likelihood: -12.178909838525561
current error: 0.00015829325042915343, 0.007803558009601419
 ===== EM-algorithm: iteration 339 =====
finished type 1....
finished type 2....
finished type 3....
finished type 4....
finished type 5....
current likelihood: -12.178748099335804
current error: 0.00016173918975681545, 0.007749621466451417
 ===== EM-algorithm: iteration 340 =====
finished type 1....
finished type 2....
finished type 3....
finished type 4....
finished type 5....
current likelihood: -12.178581548663368
current error: 0.00016655067243576127, 0.0076900960698933485
 ===== EM-algorithm: iteration 341 =====
finished type 1....
finished type 2....
finished type 3....
finished type 4....
finished type 5....
current likelihood: -12.17840739078739
current error: 0.00017415787597840904, 0.007619977675843437
 ===== EM-algorithm: iteration 342 =====
finished type 1....
finished type 2....
finished type 3....
finished type 4....
finished type 5....
current likelihood: -12.178230433140836
current error: 0.0001769576465537881, 0.0075355698890076095
 ===== EM-algorithm: iteration 343 =====
finished type 1....
finished type 2....
finished type 3....
finished type 4....
finished type 5....
current likelihood: -12.178030179361373
current error: 0.0002002537794627557, 0.007415146567961939
 ===== EM-algorithm: iteration 344 =====
finished type 1....
finished type 2....
finished type 3....
finished type 4....
finished type 5....
current likelihood: -12.177442634047908
current error: 0.0005875453134649433, 0.006990115229171812
 ===== EM-algorithm: iteration 345 =====
finished type 1....
finished type 2....
finished type 3....
finished type 4....
finished type 5....
current likelihood: -12.17644477457737
current error: 0.0009978594705390975, 0.006458235450770733
 ===== EM-algorithm: iteration 346 =====
finished type 1....
finished type 2....
finished type 3....
finished type 4....
finished type 5....
current likelihood: -12.175896591829611
current error: 0.0005481827477584744, 0.00656370842180154
 ===== EM-algorithm: iteration 347 =====
finished type 1....
finished type 2....
finished type 3....
finished type 4....
finished type 5....
current likelihood: -12.175626236730306
current error: 0.00027035509930506407, 0.006750080398379765
 ===== EM-algorithm: iteration 348 =====
finished type 1....
finished type 2....
finished type 3....
finished type 4....
finished type 5....
current likelihood: -12.17539115169576
current error: 0.00023508503454650054, 0.0068293532084600095
 ===== EM-algorithm: iteration 349 =====
finished type 1....
finished type 2....
finished type 3....
finished type 4....
finished type 5....
current likelihood: -12.175196400885978
current error: 0.0001947508097810413, 0.006864382235434174
 ===== EM-algorithm: iteration 350 =====
finished type 1....
finished type 2....
finished type 3....
finished type 4....
finished type 5....
current likelihood: -12.174982352951107
current error: 0.00021404793487178608, 0.0068445468321725045
 ===== EM-algorithm: iteration 351 =====
finished type 1....
finished type 2....
finished type 3....
finished type 4....
finished type 5....
current likelihood: -12.17477268184722
current error: 0.00020967110388703247, 0.006799009524341759
 ===== EM-algorithm: iteration 352 =====
finished type 1....
finished type 2....
finished type 3....
finished type 4....
finished type 5....
current likelihood: -12.174592342338167
current error: 0.00018033950905227414, 0.006748707705499735
 ===== EM-algorithm: iteration 353 =====
finished type 1....
finished type 2....
finished type 3....
finished type 4....
finished type 5....
current likelihood: -12.174390548385793
current error: 0.00020179395237462927, 0.006674771816944203
 ===== EM-algorithm: iteration 354 =====
finished type 1....
finished type 2....
finished type 3....
finished type 4....
finished type 5....
current likelihood: -12.174240368212077
current error: 0.00015018017371559722, 0.006588505980682058
 ===== EM-algorithm: iteration 355 =====
finished type 1....
finished type 2....
finished type 3....
finished type 4....
finished type 5....
current likelihood: -12.17406568343498
current error: 0.00017468477709670083, 0.006480346044339447
 ===== EM-algorithm: iteration 356 =====
finished type 1....
finished type 2....
finished type 3....
finished type 4....
finished type 5....
current likelihood: -12.173879923432166
current error: 0.00018576000281456118, 0.006396962402895223
 ===== EM-algorithm: iteration 357 =====
finished type 1....
finished type 2....
finished type 3....
finished type 4....
finished type 5....
current likelihood: -12.17368400768946
current error: 0.00019591574270627632, 0.0062952162167915215
 ===== EM-algorithm: iteration 358 =====
finished type 1....
finished type 2....
finished type 3....
finished type 4....
finished type 5....
current likelihood: -12.173509875540109
current error: 0.00017413214935046994, 0.00619373164019299
 ===== EM-algorithm: iteration 359 =====
finished type 1....
finished type 2....
finished type 3....
finished type 4....
finished type 5....
current likelihood: -12.173366243470522
current error: 0.00014363206958734054, 0.006078110382794932
 ===== EM-algorithm: iteration 360 =====
finished type 1....
finished type 2....
finished type 3....
finished type 4....
finished type 5....
current likelihood: -12.173207805552039
current error: 0.00015843791848269007, 0.005972301422535242
 ===== EM-algorithm: iteration 361 =====
finished type 1....
finished type 2....
finished type 3....
finished type 4....
finished type 5....
current likelihood: -12.173070222673257
current error: 0.00013758287878218312, 0.005842527142098097
 ===== EM-algorithm: iteration 362 =====
finished type 1....
finished type 2....
finished type 3....
finished type 4....
finished type 5....
current likelihood: -12.172940995507489
current error: 0.000129227165768242, 0.005691614859754779
 ===== EM-algorithm: iteration 363 =====
finished type 1....
finished type 2....
finished type 3....
finished type 4....
finished type 5....
current likelihood: -12.17278669574565
current error: 0.0001542997618386721, 0.005622724038886195
 ===== EM-algorithm: iteration 364 =====
finished type 1....
finished type 2....
finished type 3....
finished type 4....
finished type 5....
current likelihood: -12.172648322345603
current error: 0.0001383734000466319, 0.005408717390383622
 ===== EM-algorithm: iteration 365 =====
finished type 1....
finished type 2....
finished type 3....
finished type 4....
finished type 5....
current likelihood: -12.172499768772122
current error: 0.00014855357348153575, 0.00528246693626877
 ===== EM-algorithm: iteration 366 =====
finished type 1....
finished type 2....
finished type 3....
finished type 4....
finished type 5....
current likelihood: -12.172360252305303
current error: 0.00013951646681853447, 0.005124553077704208
 ===== EM-algorithm: iteration 367 =====
finished type 1....
finished type 2....
finished type 3....
finished type 4....
finished type 5....
current likelihood: -12.172216352197092
current error: 0.00014390010821152543, 0.004897341650207165
 ===== EM-algorithm: iteration 368 =====
finished type 1....
finished type 2....
finished type 3....
finished type 4....
finished type 5....
current likelihood: -12.17209965045692
current error: 0.0001167017401719761, 0.004668050893599673
 ===== EM-algorithm: iteration 369 =====
finished type 1....
finished type 2....
finished type 3....
finished type 4....
finished type 5....
current likelihood: -12.171981247401696
current error: 0.0001184030552234816, 0.004444835581539186
 ===== EM-algorithm: iteration 370 =====
finished type 1....
finished type 2....
finished type 3....
finished type 4....
finished type 5....
current likelihood: -12.17181626706209
current error: 0.00016498033960665737, 0.004185377388461253
 ===== EM-algorithm: iteration 371 =====
finished type 1....
finished type 2....
finished type 3....
finished type 4....
finished type 5....
current likelihood: -12.171472501207028
current error: 0.00034376585506201707, 0.0040057488452682755
 ===== EM-algorithm: iteration 372 =====
finished type 1....
finished type 2....
finished type 3....
finished type 4....
finished type 5....
current likelihood: -12.171027340271928
current error: 0.00044516093509905375, 0.0037512945034512413
 ===== EM-algorithm: iteration 373 =====
finished type 1....
finished type 2....
finished type 3....
finished type 4....
finished type 5....
current likelihood: -12.170679650980526
current error: 0.00034768929140227556, 0.00428208815551967
 ===== EM-algorithm: iteration 374 =====
finished type 1....
finished type 2....
finished type 3....
finished type 4....
finished type 5....
current likelihood: -12.170471342248593
current error: 0.0002083087319331156, 0.004277546533436372
 ===== EM-algorithm: iteration 375 =====
finished type 1....
finished type 2....
finished type 3....
finished type 4....
finished type 5....
current likelihood: -12.170337770640426
current error: 0.00013357160816696023, 0.004237496103407956
 ===== EM-algorithm: iteration 376 =====
finished type 1....
finished type 2....
finished type 3....
finished type 4....
finished type 5....
current likelihood: -12.170219151517557
current error: 0.00011861912286903475, 0.004126423733380902
 ===== EM-algorithm: iteration 377 =====
finished type 1....
finished type 2....
finished type 3....
finished type 4....
finished type 5....
current likelihood: -12.170099597212142
current error: 0.0001195543054155479, 0.004406023540327375
 ===== EM-algorithm: iteration 378 =====
finished type 1....
finished type 2....
finished type 3....
finished type 4....
finished type 5....
current likelihood: -12.170000453393328
current error: 9.91438188133742e-5, 0.00397537509462631
 ===== EM-algorithm: iteration 379 =====
finished type 1....
finished type 2....
finished type 3....
finished type 4....
finished type 5....
current likelihood: -12.169903735953614
current error: 9.671743971395586e-5, 0.004501171798937942
 ===== EM-algorithm: iteration 380 =====
finished type 1....
finished type 2....
finished type 3....
finished type 4....
finished type 5....
current likelihood: -12.169782659690334
current error: 0.00012107626328017318, 0.004460651069023491
 ===== EM-algorithm: iteration 381 =====
finished type 1....
finished type 2....
finished type 3....
finished type 4....
finished type 5....
current likelihood: -12.169680866947875
current error: 0.00010179274245913916, 0.004320821896286908
 ===== EM-algorithm: iteration 382 =====
finished type 1....
finished type 2....
finished type 3....
finished type 4....
finished type 5....
current likelihood: -12.1695920028231
current error: 8.886412477515648e-5, 0.004363311138339654
 ===== EM-algorithm: iteration 383 =====
finished type 1....
finished type 2....
finished type 3....
finished type 4....
finished type 5....
current likelihood: -12.16950108510755
current error: 9.091771554992079e-5, 0.004116044118304352
 ===== EM-algorithm: iteration 384 =====
finished type 1....
finished type 2....
finished type 3....
finished type 4....
finished type 5....
current likelihood: -12.169404176332733
current error: 9.690877481638438e-5, 0.0040621809890160065
 ===== EM-algorithm: iteration 385 =====
finished type 1....
finished type 2....
finished type 3....
finished type 4....
finished type 5....
current likelihood: -12.169313108496404
current error: 9.106783632972792e-5, 0.003976680425762602
 ===== EM-algorithm: iteration 386 =====
finished type 1....
finished type 2....
finished type 3....
finished type 4....
finished type 5....
current likelihood: -12.16921058415053
current error: 0.00010252434587343373, 0.003973871624723735
 ===== EM-algorithm: iteration 387 =====
finished type 1....
finished type 2....
finished type 3....
finished type 4....
finished type 5....
current likelihood: -12.169121114880696
current error: 8.946926983455228e-5, 0.0037847772617114472
 ===== EM-algorithm: iteration 388 =====
finished type 1....
finished type 2....
finished type 3....
finished type 4....
finished type 5....
current likelihood: -12.169031804191762
current error: 8.931068893325289e-5, 0.0036883464637416097
 ===== EM-algorithm: iteration 389 =====
finished type 1....
finished type 2....
finished type 3....
finished type 4....
finished type 5....
current likelihood: -12.168942439384534
current error: 8.936480722887552e-5, 0.003662740486324978
 ===== EM-algorithm: iteration 390 =====
finished type 1....
finished type 2....
finished type 3....
finished type 4....
finished type 5....
current likelihood: -12.168852344128906
current error: 9.00952556275314e-5, 0.0036211549898395035
 ===== EM-algorithm: iteration 391 =====
finished type 1....
finished type 2....
finished type 3....
finished type 4....
finished type 5....
current likelihood: -12.168763700718662
current error: 8.86434102440603e-5, 0.0043448921395858875
 ===== EM-algorithm: iteration 392 =====
finished type 1....
finished type 2....
finished type 3....
finished type 4....
finished type 5....
current likelihood: -12.168627502590995
current error: 0.0001361981276666313, 0.004335873056697137
 ===== EM-algorithm: iteration 393 =====
finished type 1....
finished type 2....
finished type 3....
finished type 4....
finished type 5....
current likelihood: -12.168443850646284
current error: 0.00018365194471137158, 0.0038597200798757836
 ===== EM-algorithm: iteration 394 =====
finished type 1....
finished type 2....
finished type 3....
finished type 4....
finished type 5....
current likelihood: -12.168290860560774
current error: 0.00015299008551039606, 0.0036583098737231756
 ===== EM-algorithm: iteration 395 =====
finished type 1....
finished type 2....
finished type 3....
finished type 4....
finished type 5....
current likelihood: -12.168136015378435
current error: 0.00015484518233854772, 0.0042134545320298145
 ===== EM-algorithm: iteration 396 =====
finished type 1....
finished type 2....
finished type 3....
finished type 4....
finished type 5....
current likelihood: -12.168024894254897
current error: 0.00011112112353828252, 0.003193129055863775
 ===== EM-algorithm: iteration 397 =====
finished type 1....
finished type 2....
finished type 3....
finished type 4....
finished type 5....
current likelihood: -12.167935724364893
current error: 8.916989000340436e-5, 0.0036016028286063317
 ===== EM-algorithm: iteration 398 =====
finished type 1....
finished type 2....
finished type 3....
finished type 4....
finished type 5....
current likelihood: -12.167855618961276
current error: 8.010540361702567e-5, 0.0030131453944060027
 ===== EM-algorithm: iteration 399 =====
finished type 1....
finished type 2....
finished type 3....
finished type 4....
finished type 5....
current likelihood: -12.167770242862753
current error: 8.53760985233265e-5, 0.00358243943230363
 ===== EM-algorithm: iteration 400 =====
finished type 1....
finished type 2....
finished type 3....
finished type 4....
finished type 5....
current likelihood: -12.167643856503492
current error: 0.00012638635926087716, 0.0040683292433153495
 ===== EM-algorithm: iteration 401 =====
finished type 1....
finished type 2....
finished type 3....
finished type 4....
finished type 5....
current likelihood: -12.16753890335916
current error: 0.00010495314433178748, 0.0034486308950597566
 ===== EM-algorithm: iteration 402 =====
finished type 1....
finished type 2....
finished type 3....
finished type 4....
finished type 5....
current likelihood: -12.16743621826293
current error: 0.0001026850962304593, 0.0032256996305525254
 ===== EM-algorithm: iteration 403 =====
finished type 1....
finished type 2....
finished type 3....
finished type 4....
finished type 5....
current likelihood: -12.167341273102021
current error: 9.494516090846616e-5, 0.0030495684685729607
 ===== EM-algorithm: iteration 404 =====
finished type 1....
finished type 2....
finished type 3....
finished type 4....
finished type 5....
current likelihood: -12.167222038286127
current error: 0.0001192348158944867, 0.0036614881399517074
 ===== EM-algorithm: iteration 405 =====
finished type 1....
finished type 2....
finished type 3....
finished type 4....
finished type 5....
current likelihood: -12.167134061784491
current error: 8.797650163572257e-5, 0.0034550865772384753
 ===== EM-algorithm: iteration 406 =====
finished type 1....
finished type 2....
finished type 3....
finished type 4....
finished type 5....
current likelihood: -12.167055106016798
current error: 7.895576769278989e-5, 0.003451068592430495
 ===== EM-algorithm: iteration 407 =====
finished type 1....
finished type 2....
finished type 3....
finished type 4....
finished type 5....
current likelihood: -12.166930335415655
current error: 0.0001247706011433536, 0.004761341734343283
 ===== EM-algorithm: iteration 408 =====
finished type 1....
finished type 2....
finished type 3....
finished type 4....
finished type 5....
current likelihood: -12.166830134369327
current error: 0.00010020104632779692, 0.003791279818375237
 ===== EM-algorithm: iteration 409 =====
finished type 1....
finished type 2....
finished type 3....
finished type 4....
finished type 5....
current likelihood: -12.166746697033634
current error: 8.343733569304845e-5, 0.003358671594789975
 ===== EM-algorithm: iteration 410 =====
finished type 1....
finished type 2....
finished type 3....
finished type 4....
finished type 5....
current likelihood: -12.166642796406542
current error: 0.0001039006270922016, 0.003868221010649542
 ===== EM-algorithm: iteration 411 =====
finished type 1....
finished type 2....
finished type 3....
finished type 4....
finished type 5....
current likelihood: -12.16655532226367
current error: 8.747414287135769e-5, 0.003264717277801088
 ===== EM-algorithm: iteration 412 =====
finished type 1....
finished type 2....
finished type 3....
finished type 4....
finished type 5....
current likelihood: -12.166446886804154
current error: 0.00010843545951644273, 0.004716968144969691
 ===== EM-algorithm: iteration 413 =====
finished type 1....
finished type 2....
finished type 3....
finished type 4....
finished type 5....
current likelihood: -12.166347268839228
current error: 9.961796492596875e-5, 0.003748091601249115
 ===== EM-algorithm: iteration 414 =====
finished type 1....
finished type 2....
finished type 3....
finished type 4....
finished type 5....
current likelihood: -12.166257733092438
current error: 8.953574679004817e-5, 0.003493824652879063
 ===== EM-algorithm: iteration 415 =====
finished type 1....
finished type 2....
finished type 3....
finished type 4....
finished type 5....
current likelihood: -12.166167536164622
current error: 9.019692781642163e-5, 0.002924770847092084
 ===== EM-algorithm: iteration 416 =====
finished type 1....
finished type 2....
finished type 3....
finished type 4....
finished type 5....
current likelihood: -12.166082708885197
current error: 8.482727942471513e-5, 0.004730841424196441
 ===== EM-algorithm: iteration 417 =====
finished type 1....
finished type 2....
finished type 3....
finished type 4....
finished type 5....
current likelihood: -12.166003397347279
current error: 7.931153791851386e-5, 0.00478659348628907
 ===== EM-algorithm: iteration 418 =====
finished type 1....
finished type 2....
finished type 3....
finished type 4....
finished type 5....
current likelihood: -12.165884912668153
current error: 0.00011848467912578542, 0.0038243741288068733
 ===== EM-algorithm: iteration 419 =====
finished type 1....
finished type 2....
finished type 3....
finished type 4....
finished type 5....
current likelihood: -12.165724774958068
current error: 0.00016013771008438482, 0.003936077169447216
 ===== EM-algorithm: iteration 420 =====
finished type 1....
finished type 2....
finished type 3....
finished type 4....
finished type 5....
current likelihood: -12.165632607961312
current error: 9.216699675640427e-5, 0.003300572797432899
 ===== EM-algorithm: iteration 421 =====
finished type 1....
finished type 2....
finished type 3....
finished type 4....
finished type 5....
current likelihood: -12.165548353802327
current error: 8.42541589847201e-5, 0.0034745141552825487
 ===== EM-algorithm: iteration 422 =====
finished type 1....
finished type 2....
finished type 3....
finished type 4....
finished type 5....
current likelihood: -12.165441945104902
current error: 0.0001064086974249534, 0.0029092936234771383
 ===== EM-algorithm: iteration 423 =====
finished type 1....
finished type 2....
finished type 3....
finished type 4....
finished type 5....
current likelihood: -12.16533948820941
current error: 0.00010245689549215342, 0.003598803321669841
 ===== EM-algorithm: iteration 424 =====
finished type 1....
finished type 2....
finished type 3....
finished type 4....
finished type 5....
current likelihood: -12.165245929961992
current error: 9.355824741774654e-5, 0.002850580978371653
 ===== EM-algorithm: iteration 425 =====
finished type 1....
finished type 2....
finished type 3....
finished type 4....
finished type 5....
current likelihood: -12.165147611081768
current error: 9.83188802248236e-5, 0.002929875203055765
 ===== EM-algorithm: iteration 426 =====
finished type 1....
finished type 2....
finished type 3....
finished type 4....
finished type 5....
current likelihood: -12.16502558889355
current error: 0.00012202218821677491, 0.0036819033045381033
 ===== EM-algorithm: iteration 427 =====
finished type 1....
finished type 2....
finished type 3....
finished type 4....
finished type 5....
current likelihood: -12.164915537704863
current error: 0.0001100511886882316, 0.0032080445459952145
 ===== EM-algorithm: iteration 428 =====
finished type 1....
finished type 2....
finished type 3....
finished type 4....
finished type 5....
current likelihood: -12.164774514035559
current error: 0.000141023669304019, 0.004665476775718602
 ===== EM-algorithm: iteration 429 =====
finished type 1....
finished type 2....
finished type 3....
finished type 4....
finished type 5....
current likelihood: -12.164680675348913
current error: 9.383868664514239e-5, 0.0036247677957765845
 ===== EM-algorithm: iteration 430 =====
finished type 1....
finished type 2....
finished type 3....
finished type 4....
finished type 5....
current likelihood: -12.16454887085257
current error: 0.00013180449634297986, 0.00339009884927588
 ===== EM-algorithm: iteration 431 =====
finished type 1....
finished type 2....
finished type 3....
finished type 4....
finished type 5....
current likelihood: -12.164452166189404
current error: 9.670466316613613e-5, 0.003513165775114402
 ===== EM-algorithm: iteration 432 =====
finished type 1....
finished type 2....
finished type 3....
finished type 4....
finished type 5....
current likelihood: -12.1643092166272
current error: 0.00014294956220339827, 0.0029438545115807457
 ===== EM-algorithm: iteration 433 =====
finished type 1....
finished type 2....
finished type 3....
finished type 4....
finished type 5....
current likelihood: -12.164192120896148
current error: 0.00011709573105278537, 0.004364162427692886
 ===== EM-algorithm: iteration 434 =====
finished type 1....
finished type 2....
finished type 3....
finished type 4....
finished type 5....
current likelihood: -12.16405568320538
current error: 0.0001364376907684317, 0.0038149065772303814
 ===== EM-algorithm: iteration 435 =====
finished type 1....
finished type 2....
finished type 3....
finished type 4....
finished type 5....
current likelihood: -12.163906810117348
current error: 0.00014887308803146482, 0.003386872605436686
 ===== EM-algorithm: iteration 436 =====
finished type 1....
finished type 2....
finished type 3....
finished type 4....
finished type 5....
current likelihood: -12.163767969884702
current error: 0.00013884023264587597, 0.003442299912316038
 ===== EM-algorithm: iteration 437 =====
finished type 1....
finished type 2....
finished type 3....
finished type 4....
finished type 5....
current likelihood: -12.163682711231866
current error: 8.525865283637302e-5, 0.0028108994049471647
 ===== EM-algorithm: iteration 438 =====
finished type 1....
finished type 2....
finished type 3....
finished type 4....
finished type 5....
current likelihood: -12.16356721713849
current error: 0.00011549409337519023, 0.00384509384646492
 ===== EM-algorithm: iteration 439 =====
finished type 1....
finished type 2....
finished type 3....
finished type 4....
finished type 5....
current likelihood: -12.16345308260849
current error: 0.00011413453000130858, 0.0037770488433945815
 ===== EM-algorithm: iteration 440 =====
finished type 1....
finished type 2....
finished type 3....
finished type 4....
finished type 5....
current likelihood: -12.16335554521316
current error: 9.753739533024941e-5, 0.0033098820663548523
 ===== EM-algorithm: iteration 441 =====
finished type 1....
finished type 2....
finished type 3....
finished type 4....
finished type 5....
current likelihood: -12.163260215969006
current error: 9.532924415367461e-5, 0.003584778602198746
 ===== EM-algorithm: iteration 442 =====
finished type 1....
finished type 2....
finished type 3....
finished type 4....
finished type 5....
current likelihood: -12.163175870953413
current error: 8.43450155922909e-5, 0.0030441839928156966
 ===== EM-algorithm: iteration 443 =====
finished type 1....
finished type 2....
finished type 3....
finished type 4....
finished type 5....
current likelihood: -12.163084671225123
current error: 9.119972829019218e-5, 0.00315815766574179
 ===== EM-algorithm: iteration 444 =====
finished type 1....
finished type 2....
finished type 3....
finished type 4....
finished type 5....
current likelihood: -12.16297409066875
current error: 0.00011058055637391817, 0.002809515793092743
 ===== EM-algorithm: iteration 445 =====
finished type 1....
finished type 2....
finished type 3....
finished type 4....
finished type 5....
current likelihood: -12.162879731044825
current error: 9.435962392423392e-5, 0.0033314868777560847
 ===== EM-algorithm: iteration 446 =====
finished type 1....
finished type 2....
finished type 3....
finished type 4....
finished type 5....
current likelihood: -12.162742393225688
current error: 0.00013733781913671805, 0.003158412671941946
 ===== EM-algorithm: iteration 447 =====
finished type 1....
finished type 2....
finished type 3....
finished type 4....
finished type 5....
current likelihood: -12.162647541639984
current error: 9.485158570399221e-5, 0.0032863949875263643
 ===== EM-algorithm: iteration 448 =====
finished type 1....
finished type 2....
finished type 3....
finished type 4....
finished type 5....
current likelihood: -12.162524034339203
current error: 0.00012350730078125594, 0.003069869012153781
 ===== EM-algorithm: iteration 449 =====
finished type 1....
finished type 2....
finished type 3....
finished type 4....
finished type 5....
current likelihood: -12.16244220942942
current error: 8.182490978292378e-5, 0.002850471234772556
 ===== EM-algorithm: iteration 450 =====
finished type 1....
finished type 2....
finished type 3....
finished type 4....
finished type 5....
current likelihood: -12.162345399562387
current error: 9.680986703308747e-5, 0.0038537443809332217
 ===== EM-algorithm: iteration 451 =====
finished type 1....
finished type 2....
finished type 3....
finished type 4....
finished type 5....
current likelihood: -12.162240057137671
current error: 0.00010534242471571531, 0.0031454611683630063
 ===== EM-algorithm: iteration 452 =====
finished type 1....
finished type 2....
finished type 3....
finished type 4....
finished type 5....
current likelihood: -12.162155791941592
current error: 8.426519607951377e-5, 0.003043326867137708
 ===== EM-algorithm: iteration 453 =====
finished type 1....
finished type 2....
finished type 3....
finished type 4....
finished type 5....
current likelihood: -12.162042801743874
current error: 0.00011299019771726648, 0.0027735944269169366
 ===== EM-algorithm: iteration 454 =====
finished type 1....
finished type 2....
finished type 3....
finished type 4....
finished type 5....
current likelihood: -12.161955691508076
current error: 8.71102357979936e-5, 0.002628823956576376
 ===== EM-algorithm: iteration 455 =====
finished type 1....
finished type 2....
finished type 3....
finished type 4....
finished type 5....
current likelihood: -12.161863109688522
current error: 9.258181955473788e-5, 0.002443007986375534
 ===== EM-algorithm: iteration 456 =====
finished type 1....
finished type 2....
finished type 3....
finished type 4....
finished type 5....
current likelihood: -12.161771970921924
current error: 9.113876659760933e-5, 0.002901163085280878
 ===== EM-algorithm: iteration 457 =====
finished type 1....
finished type 2....
finished type 3....
finished type 4....
finished type 5....
current likelihood: -12.16166392660956
current error: 0.00010804431236444145, 0.002780095264774296
 ===== EM-algorithm: iteration 458 =====
finished type 1....
finished type 2....
finished type 3....
finished type 4....
finished type 5....
current likelihood: -12.161587363565427
current error: 7.656304413217185e-5, 0.0028942784871945904
 ===== EM-algorithm: iteration 459 =====
finished type 1....
finished type 2....
finished type 3....
finished type 4....
finished type 5....
current likelihood: -12.161502062509793
current error: 8.530105563409052e-5, 0.002660700346652334
 ===== EM-algorithm: iteration 460 =====
finished type 1....
finished type 2....
finished type 3....
finished type 4....
finished type 5....
current likelihood: -12.161390693865837
current error: 0.00011136864395666635, 0.002919106883731537
 ===== EM-algorithm: iteration 461 =====
finished type 1....
finished type 2....
finished type 3....
finished type 4....
finished type 5....
current likelihood: -12.161273028311467
current error: 0.00011766555437020543, 0.0027887457131159366
 ===== EM-algorithm: iteration 462 =====
finished type 1....
finished type 2....
finished type 3....
finished type 4....
finished type 5....
current likelihood: -12.161193419919861
current error: 7.960839160503497e-5, 0.002765380872475909
 ===== EM-algorithm: iteration 463 =====
finished type 1....
finished type 2....
finished type 3....
finished type 4....
finished type 5....
current likelihood: -12.16111458339295
current error: 7.883652691198506e-5, 0.0027984863695573736
 ===== EM-algorithm: iteration 464 =====
finished type 1....
finished type 2....
finished type 3....
finished type 4....
finished type 5....
current likelihood: -12.161025577139883
current error: 8.900625306651477e-5, 0.002756624317959755
 ===== EM-algorithm: iteration 465 =====
finished type 1....
finished type 2....
finished type 3....
finished type 4....
finished type 5....
current likelihood: -12.160937908391775
current error: 8.766874810817171e-5, 0.0028320862838064897
 ===== EM-algorithm: iteration 466 =====
finished type 1....
finished type 2....
finished type 3....
finished type 4....
finished type 5....
current likelihood: -12.160855365805029
current error: 8.254258674611492e-5, 0.00266085606517219
 ===== EM-algorithm: iteration 467 =====
finished type 1....
finished type 2....
finished type 3....
finished type 4....
finished type 5....
current likelihood: -12.160768060266292
current error: 8.730553873625979e-5, 0.0027614617542974784
 ===== EM-algorithm: iteration 468 =====
finished type 1....
finished type 2....
finished type 3....
finished type 4....
finished type 5....
current likelihood: -12.160681873367476
current error: 8.618689881600972e-5, 0.00271850564038445
 ===== EM-algorithm: iteration 469 =====
finished type 1....
finished type 2....
finished type 3....
finished type 4....
finished type 5....
current likelihood: -12.160599902678527
current error: 8.197068894943982e-5, 0.0027064715007876217
 ===== EM-algorithm: iteration 470 =====
finished type 1....
finished type 2....
finished type 3....
finished type 4....
finished type 5....
current likelihood: -12.160505905683989
current error: 9.399699453815913e-5, 0.0027419812662010656
 ===== EM-algorithm: iteration 471 =====
finished type 1....
finished type 2....
finished type 3....
finished type 4....
finished type 5....
current likelihood: -12.160414593055513
current error: 9.13126284753929e-5, 0.002632853415809322
 ===== EM-algorithm: iteration 472 =====
finished type 1....
finished type 2....
finished type 3....
finished type 4....
finished type 5....
current likelihood: -12.16033639968647
current error: 7.819336904368868e-5, 0.002712276866264851
 ===== EM-algorithm: iteration 473 =====
finished type 1....
finished type 2....
finished type 3....
finished type 4....
finished type 5....
current likelihood: -12.160253301079667
current error: 8.309860680277836e-5, 0.0026418838716866233
 ===== EM-algorithm: iteration 474 =====
finished type 1....
finished type 2....
finished type 3....
finished type 4....
finished type 5....
current likelihood: -12.160153901625316
current error: 9.939945435100128e-5, 0.002691393323350333
 ===== EM-algorithm: iteration 475 =====
finished type 1....
finished type 2....
finished type 3....
finished type 4....
finished type 5....
current likelihood: -12.160039758522576
current error: 0.00011414310274027173, 0.0026779852222187372
 ===== EM-algorithm: iteration 476 =====
finished type 1....
finished type 2....
finished type 3....
finished type 4....
finished type 5....
current likelihood: -12.159940502845389
current error: 9.925567718660488e-5, 0.0026924366605198813
 ===== EM-algorithm: iteration 477 =====
finished type 1....
finished type 2....
finished type 3....
finished type 4....
finished type 5....
current likelihood: -12.159822326317192
current error: 0.00011817652819701152, 0.0026731512580697725
 ===== EM-algorithm: iteration 478 =====
finished type 1....
finished type 2....
finished type 3....
finished type 4....
finished type 5....
current likelihood: -12.159719499318129
current error: 0.00010282699906305481, 0.0026139046099968866
 ===== EM-algorithm: iteration 479 =====
finished type 1....
finished type 2....
finished type 3....
finished type 4....
finished type 5....
current likelihood: -12.159625401303204
current error: 9.409801492488157e-5, 0.0026451500823982954
 ===== EM-algorithm: iteration 480 =====
finished type 1....
finished type 2....
finished type 3....
finished type 4....
finished type 5....
current likelihood: -12.15948338032742
current error: 0.0001420209757849733, 0.00265222249830277
 ===== EM-algorithm: iteration 481 =====
finished type 1....
finished type 2....
finished type 3....
finished type 4....
finished type 5....
current likelihood: -12.159381313406579
current error: 0.0001020669208404712, 0.002630570528280529
 ===== EM-algorithm: iteration 482 =====
finished type 1....
finished type 2....
finished type 3....
finished type 4....
finished type 5....
current likelihood: -12.159281680206188
current error: 9.963320039041434e-5, 0.002555652863827973
 ===== EM-algorithm: iteration 483 =====
finished type 1....
finished type 2....
finished type 3....
finished type 4....
finished type 5....
current likelihood: -12.159193331400337
current error: 8.834880585162352e-5, 0.002540979275702071
 ===== EM-algorithm: iteration 484 =====
finished type 1....
finished type 2....
finished type 3....
finished type 4....
finished type 5....
current likelihood: -12.159077784359013
current error: 0.00011554704132343829, 0.0026294704161768934
 ===== EM-algorithm: iteration 485 =====
finished type 1....
finished type 2....
finished type 3....
finished type 4....
finished type 5....
current likelihood: -12.158960065480057
current error: 0.00011771887895584143, 0.002525101033574728
 ===== EM-algorithm: iteration 486 =====
finished type 1....
finished type 2....
finished type 3....
finished type 4....
finished type 5....
current likelihood: -12.158856970381208
current error: 0.00010309509884898205, 0.002569723240284816
 ===== EM-algorithm: iteration 487 =====
finished type 1....
finished type 2....
finished type 3....
finished type 4....
finished type 5....
current likelihood: -12.158743650025375
current error: 0.00011332035583322408, 0.0025162535713771916
 ===== EM-algorithm: iteration 488 =====
finished type 1....
finished type 2....
finished type 3....
finished type 4....
finished type 5....
current likelihood: -12.158632658630838
current error: 0.00011099139453740747, 0.002514881900442134
 ===== EM-algorithm: iteration 489 =====
finished type 1....
finished type 2....
finished type 3....
finished type 4....
finished type 5....
current likelihood: -12.158524337245781
current error: 0.00010832138505634248, 0.0025418780562134202
 ===== EM-algorithm: iteration 490 =====
finished type 1....
finished type 2....
finished type 3....
finished type 4....
finished type 5....
current likelihood: -12.15843088409138
current error: 9.345315440079105e-5, 0.00243713931246603
 ===== EM-algorithm: iteration 491 =====
finished type 1....
finished type 2....
finished type 3....
finished type 4....
finished type 5....
current likelihood: -12.15832582486921
current error: 0.00010505922216985653, 0.0024599232169189023
 ===== EM-algorithm: iteration 492 =====
finished type 1....
finished type 2....
finished type 3....
finished type 4....
finished type 5....
current likelihood: -12.15822327850558
current error: 0.00010254636362994063, 0.0024813311421487683
 ===== EM-algorithm: iteration 493 =====
finished type 1....
finished type 2....
finished type 3....
finished type 4....
finished type 5....
current likelihood: -12.158084478259335
current error: 0.00013880024624590703, 0.002442255584049313
 ===== EM-algorithm: iteration 494 =====
finished type 1....
finished type 2....
finished type 3....
finished type 4....
finished type 5....
current likelihood: -12.15796000096493
current error: 0.00012447729440445698, 0.002460671289648886
 ===== EM-algorithm: iteration 495 =====
finished type 1....
finished type 2....
finished type 3....
finished type 4....
finished type 5....
current likelihood: -12.157863424180675
current error: 9.657678425512017e-5, 0.002415132160026978
 ===== EM-algorithm: iteration 496 =====
finished type 1....
finished type 2....
finished type 3....
finished type 4....
finished type 5....
current likelihood: -12.157748981940996
current error: 0.00011444223967949085, 0.0024160392956140697
 ===== EM-algorithm: iteration 497 =====
finished type 1....
finished type 2....
finished type 3....
finished type 4....
finished type 5....
current likelihood: -12.157628798713935
current error: 0.00012018322706097706, 0.002399606793475506
 ===== EM-algorithm: iteration 498 =====
finished type 1....
finished type 2....
finished type 3....
finished type 4....
finished type 5....
current likelihood: -12.157529745704926
current error: 9.90530090092534e-5, 0.0023928711241625322
 ===== EM-algorithm: iteration 499 =====
finished type 1....
finished type 2....
finished type 3....
finished type 4....
finished type 5....
current likelihood: -12.157423474244416
current error: 0.00010627146050978808, 0.0023594777038251635
 ===== EM-algorithm: iteration 500 =====
finished type 1....
finished type 2....
finished type 3....
finished type 4....
finished type 5....
current likelihood: -12.157318497442112
current error: 0.00010497680230336925, 0.002338732911904451
 ===== EM-algorithm: iteration 501 =====
finished type 1....
finished type 2....
finished type 3....
finished type 4....
finished type 5....
current likelihood: -12.157218491251767
current error: 0.00010000619034578051, 0.0023168254070666805
 ===== EM-algorithm: iteration 502 =====
finished type 1....
finished type 2....
finished type 3....
finished type 4....
finished type 5....
current likelihood: -12.157092774182075
current error: 0.00012571706969133345, 0.002337775443117529
 ===== EM-algorithm: iteration 503 =====
finished type 1....
finished type 2....
finished type 3....
finished type 4....
finished type 5....
current likelihood: -12.156955112978235
current error: 0.0001376612038406222, 0.002343181492656221
 ===== EM-algorithm: iteration 504 =====
finished type 1....
finished type 2....
finished type 3....
finished type 4....
finished type 5....
current likelihood: -12.156852336117014
current error: 0.00010277686122073248, 0.0022986355283158844
 ===== EM-algorithm: iteration 505 =====
finished type 1....
finished type 2....
finished type 3....
finished type 4....
finished type 5....
current likelihood: -12.156752940423006
current error: 9.939569400785331e-5, 0.00226230189270904
 ===== EM-algorithm: iteration 506 =====
finished type 1....
finished type 2....
finished type 3....
finished type 4....
finished type 5....
current likelihood: -12.156652261103524
current error: 0.00010067931948221087, 0.002245834898299215
 ===== EM-algorithm: iteration 507 =====
finished type 1....
finished type 2....
finished type 3....
finished type 4....
finished type 5....
current likelihood: -12.156549101323925
current error: 0.00010315977959862721, 0.002240223355771398
 ===== EM-algorithm: iteration 508 =====
finished type 1....
finished type 2....
finished type 3....
finished type 4....
finished type 5....
current likelihood: -12.156443266935474
current error: 0.00010583438845124249, 0.002235074930229175
 ===== EM-algorithm: iteration 509 =====
finished type 1....
finished type 2....
finished type 3....
finished type 4....
finished type 5....
current likelihood: -12.156337929945263
current error: 0.00010533699021131326, 0.0022301167281778556
 ===== EM-algorithm: iteration 510 =====
finished type 1....
finished type 2....
finished type 3....
finished type 4....
finished type 5....
current likelihood: -12.156227186587335
current error: 0.00011074335792748968, 0.0022262258446987815
 ===== EM-algorithm: iteration 511 =====
finished type 1....
finished type 2....
finished type 3....
finished type 4....
finished type 5....
current likelihood: -12.156109468764843
current error: 0.0001177178224924802, 0.0022296653506419517
 ===== EM-algorithm: iteration 512 =====
finished type 1....
finished type 2....
finished type 3....
finished type 4....
finished type 5....
current likelihood: -12.155989119336477
current error: 0.00012034942836613993, 0.002230320163591204
 ===== EM-algorithm: iteration 513 =====
finished type 1....
finished type 2....
finished type 3....
finished type 4....
finished type 5....
current likelihood: -12.155851827900557
current error: 0.00013729143591945103, 0.0022278431121927067
 ===== EM-algorithm: iteration 514 =====
finished type 1....
finished type 2....
finished type 3....
finished type 4....
finished type 5....
current likelihood: -12.155747442664927
current error: 0.0001043852356303887, 0.0022140723613910396
 ===== EM-algorithm: iteration 515 =====
finished type 1....
finished type 2....
finished type 3....
finished type 4....
finished type 5....
current likelihood: -12.155638735904242
current error: 0.00010870676068464036, 0.0022076849678541732
 ===== EM-algorithm: iteration 516 =====
finished type 1....
finished type 2....
finished type 3....
finished type 4....
finished type 5....
current likelihood: -12.155533182816615
current error: 0.00010555308762683069, 0.002198306962979346
 ===== EM-algorithm: iteration 517 =====
finished type 1....
finished type 2....
finished type 3....
finished type 4....
finished type 5....
current likelihood: -12.155438954259598
current error: 9.422855701757271e-5, 0.0021895609574886232
 ===== EM-algorithm: iteration 518 =====
finished type 1....
finished type 2....
finished type 3....
finished type 4....
finished type 5....
current likelihood: -12.15534388249752
current error: 9.507176207712575e-5, 0.0021808562741484905
 ===== EM-algorithm: iteration 519 =====
finished type 1....
finished type 2....
finished type 3....
finished type 4....
finished type 5....
current likelihood: -12.155235670450686
current error: 0.00010821204683431063, 0.0021791987750368613
 ===== EM-algorithm: iteration 520 =====
finished type 1....
finished type 2....
finished type 3....
finished type 4....
finished type 5....
current likelihood: -12.15513737036436
current error: 9.830008632683018e-5, 0.002169698328320535
 ===== EM-algorithm: iteration 521 =====
finished type 1....
finished type 2....
finished type 3....
finished type 4....
finished type 5....
current likelihood: -12.155046540606586
current error: 9.082975777374713e-5, 0.0021550036033978204
 ===== EM-algorithm: iteration 522 =====
finished type 1....
finished type 2....
finished type 3....
finished type 4....
finished type 5....
current likelihood: -12.154946143264688
current error: 0.00010039734189781768, 0.0021469282404585344
 ===== EM-algorithm: iteration 523 =====
finished type 1....
finished type 2....
finished type 3....
finished type 4....
finished type 5....
current likelihood: -12.154837863697345
current error: 0.00010827956734260624, 0.002141762152510829
 ===== EM-algorithm: iteration 524 =====
finished type 1....
finished type 2....
finished type 3....
finished type 4....
finished type 5....
current likelihood: -12.154733215687093
current error: 0.00010464801025200643, 0.00213440363874301
 ===== EM-algorithm: iteration 525 =====
finished type 1....
finished type 2....
finished type 3....
finished type 4....
finished type 5....
current likelihood: -12.15459876560339
current error: 0.00013445008370283063, 0.00213769075868514
 ===== EM-algorithm: iteration 526 =====
finished type 1....
finished type 2....
finished type 3....
finished type 4....
finished type 5....
current likelihood: -12.154464382946491
current error: 0.00013438265689913464, 0.002140986282271884
 ===== EM-algorithm: iteration 527 =====
finished type 1....
finished type 2....
finished type 3....
finished type 4....
finished type 5....
current likelihood: -12.154326068068634
current error: 0.00013831487785687102, 0.0021483426893404434
 ===== EM-algorithm: iteration 528 =====
finished type 1....
finished type 2....
finished type 3....
finished type 4....
finished type 5....
current likelihood: -12.154197560451799
current error: 0.00012850761683580458, 0.002154402178533188
 ===== EM-algorithm: iteration 529 =====
finished type 1....
finished type 2....
finished type 3....
finished type 4....
finished type 5....
current likelihood: -12.154057708226162
current error: 0.00013985222563661637, 0.00216058591623991
 ===== EM-algorithm: iteration 530 =====
finished type 1....
finished type 2....
finished type 3....
finished type 4....
finished type 5....
current likelihood: -12.15389400875821
current error: 0.00016369946795258272, 0.002184762951771113
 ===== EM-algorithm: iteration 531 =====
finished type 1....
finished type 2....
finished type 3....
finished type 4....
finished type 5....
current likelihood: -12.153747513735196
current error: 0.0001464950230136708, 0.0021902427321218165
 ===== EM-algorithm: iteration 532 =====
finished type 1....
finished type 2....
finished type 3....
finished type 4....
finished type 5....
current likelihood: -12.153607886494077
current error: 0.00013962724111848956, 0.0021884627637496212
 ===== EM-algorithm: iteration 533 =====
finished type 1....
finished type 2....
finished type 3....
finished type 4....
finished type 5....
current likelihood: -12.153491044218661
current error: 0.00011684227541586267, 0.002174970019465816
 ===== EM-algorithm: iteration 534 =====
finished type 1....
finished type 2....
finished type 3....
finished type 4....
finished type 5....
current likelihood: -12.153379820920684
current error: 0.00011122329797785824, 0.0021604037782653185
 ===== EM-algorithm: iteration 535 =====
finished type 1....
finished type 2....
finished type 3....
finished type 4....
finished type 5....
current likelihood: -12.153261104764557
current error: 0.00011871615612690789, 0.0021512153674589918
 ===== EM-algorithm: iteration 536 =====
finished type 1....
finished type 2....
finished type 3....
finished type 4....
finished type 5....
current likelihood: -12.153146474808121
current error: 0.00011462995643540808, 0.002139196291693901
 ===== EM-algorithm: iteration 537 =====
finished type 1....
finished type 2....
finished type 3....
finished type 4....
finished type 5....
current likelihood: -12.153030654715336
current error: 0.00011582009278576777, 0.002128362596549138
 ===== EM-algorithm: iteration 538 =====
finished type 1....
finished type 2....
finished type 3....
finished type 4....
finished type 5....
current likelihood: -12.152900099735852
current error: 0.0001305549794832217, 0.002123297270352764
 ===== EM-algorithm: iteration 539 =====
finished type 1....
finished type 2....
finished type 3....
finished type 4....
finished type 5....
current likelihood: -12.152785980401132
current error: 0.00011411933471983104, 0.00211026957311905
 ===== EM-algorithm: iteration 540 =====
finished type 1....
finished type 2....
finished type 3....
finished type 4....
finished type 5....
current likelihood: -12.152658621507824
current error: 0.00012735889330883765, 0.0021254817529747783
 ===== EM-algorithm: iteration 541 =====
finished type 1....
finished type 2....
finished type 3....
finished type 4....
finished type 5....
current likelihood: -12.152544640931934
current error: 0.00011398057588962729, 0.0021497986573200123
 ===== EM-algorithm: iteration 542 =====
finished type 1....
finished type 2....
finished type 3....
finished type 4....
finished type 5....
current likelihood: -12.15243441878687
current error: 0.00011022214506439809, 0.0021820804514840475
 ===== EM-algorithm: iteration 543 =====
finished type 1....
finished type 2....
finished type 3....
finished type 4....
finished type 5....
current likelihood: -12.15233954739599
current error: 9.487139088015795e-5, 0.002156621708592432
 ===== EM-algorithm: iteration 544 =====
finished type 1....
finished type 2....
finished type 3....
finished type 4....
finished type 5....
current likelihood: -12.152234067659013
current error: 0.00010547973697683233, 0.0021739824926161333
 ===== EM-algorithm: iteration 545 =====
finished type 1....
finished type 2....
finished type 3....
finished type 4....
finished type 5....
current likelihood: -12.152128201887985
current error: 0.00010586577102777994, 0.002207482936547933
 ===== EM-algorithm: iteration 546 =====
finished type 1....
finished type 2....
finished type 3....
finished type 4....
finished type 5....
current likelihood: -12.15201335312754
current error: 0.00011484876044498549, 0.0023051187222016267
 ===== EM-algorithm: iteration 547 =====
finished type 1....
finished type 2....
finished type 3....
finished type 4....
finished type 5....
current likelihood: -12.151905026475221
current error: 0.00010832665231852445, 0.002322856341971047
 ===== EM-algorithm: iteration 548 =====
finished type 1....
finished type 2....
finished type 3....
finished type 4....
finished type 5....
current likelihood: -12.151767224311737
current error: 0.0001378021634845794, 0.0024754688643975342
 ===== EM-algorithm: iteration 549 =====
finished type 1....
finished type 2....
finished type 3....
finished type 4....
finished type 5....
current likelihood: -12.151649305397887
current error: 0.00011791891384937969, 0.002702521343557862
 ===== EM-algorithm: iteration 550 =====
finished type 1....
finished type 2....
finished type 3....
finished type 4....
finished type 5....
current likelihood: -12.151537478685652
current error: 0.00011182671223508578, 0.0023767620484482777
 ===== EM-algorithm: iteration 551 =====
finished type 1....
finished type 2....
finished type 3....
finished type 4....
finished type 5....
current likelihood: -12.151427094375226
current error: 0.00011038431042642571, 0.002114845267046306
 ===== EM-algorithm: iteration 552 =====
finished type 1....
finished type 2....
finished type 3....
finished type 4....
finished type 5....
current likelihood: -12.151317004450627
current error: 0.00011008992459871081, 0.0020346658318874944
 ===== EM-algorithm: iteration 553 =====
finished type 1....
finished type 2....
finished type 3....
finished type 4....
finished type 5....
current likelihood: -12.151208194903797
current error: 0.0001088095468304573, 0.0019523883208364956
 ===== EM-algorithm: iteration 554 =====
finished type 1....
finished type 2....
finished type 3....
finished type 4....
finished type 5....
current likelihood: -12.151113126997178
current error: 9.506790661895081e-5, 0.0019373925196716768
 ===== EM-algorithm: iteration 555 =====
finished type 1....
finished type 2....
finished type 3....
finished type 4....
finished type 5....
current likelihood: -12.151009003386951
current error: 0.00010412361022638095, 0.0019260133449527372
 ===== EM-algorithm: iteration 556 =====
finished type 1....
finished type 2....
finished type 3....
finished type 4....
finished type 5....
current likelihood: -12.150901105771977
current error: 0.00010789761497420614, 0.0019144329440503594
 ===== EM-algorithm: iteration 557 =====
finished type 1....
finished type 2....
finished type 3....
finished type 4....
finished type 5....
current likelihood: -12.150792905447693
current error: 0.00010820032428426885, 0.0019018605603631222
 ===== EM-algorithm: iteration 558 =====
finished type 1....
finished type 2....
finished type 3....
finished type 4....
finished type 5....
current likelihood: -12.150648658241286
current error: 0.00014424720640704436, 0.0019007772105271714
 ===== EM-algorithm: iteration 559 =====
finished type 1....
finished type 2....
finished type 3....
finished type 4....
finished type 5....
current likelihood: -12.150550233943678
current error: 9.842429760809068e-5, 0.00188765538074942
 ===== EM-algorithm: iteration 560 =====
finished type 1....
finished type 2....
finished type 3....
finished type 4....
finished type 5....
current likelihood: -12.15045048328448
current error: 9.975065919753945e-5, 0.0018758499236213866
 ===== EM-algorithm: iteration 561 =====
finished type 1....
finished type 2....
finished type 3....
finished type 4....
finished type 5....
current likelihood: -12.15035128703852
current error: 9.91962459604423e-5, 0.0018616643807304323
 ===== EM-algorithm: iteration 562 =====
finished type 1....
finished type 2....
finished type 3....
finished type 4....
finished type 5....
current likelihood: -12.150258475195558
current error: 9.281184296128231e-5, 0.0018456398826996734
 ===== EM-algorithm: iteration 563 =====
finished type 1....
finished type 2....
finished type 3....
finished type 4....
finished type 5....
current likelihood: -12.150158122056903
current error: 0.00010035313865586204, 0.0018343384552261532
 ===== EM-algorithm: iteration 564 =====
finished type 1....
finished type 2....
finished type 3....
finished type 4....
finished type 5....
current likelihood: -12.150063235802426
current error: 9.488625447673371e-5, 0.001830353338651003
 ===== EM-algorithm: iteration 565 =====
finished type 1....
finished type 2....
finished type 3....
finished type 4....
finished type 5....
current likelihood: -12.149964635523302
current error: 9.860027912367286e-5, 0.0018201981735773698
 ===== EM-algorithm: iteration 566 =====
finished type 1....
finished type 2....
finished type 3....
finished type 4....
finished type 5....
current likelihood: -12.149874085908609
current error: 9.054961469345812e-5, 0.0018234917783812588
 ===== EM-algorithm: iteration 567 =====
finished type 1....
finished type 2....
finished type 3....
finished type 4....
finished type 5....
current likelihood: -12.149769028435731
current error: 0.00010505747287758993, 0.0018257348728127898
 ===== EM-algorithm: iteration 568 =====
finished type 1....
finished type 2....
finished type 3....
finished type 4....
finished type 5....
current likelihood: -12.14967405325459
current error: 9.497518114187642e-5, 0.0018274895942977931
 ===== EM-algorithm: iteration 569 =====
finished type 1....
finished type 2....
finished type 3....
finished type 4....
finished type 5....
current likelihood: -12.149574465091902
current error: 9.958816268706983e-5, 0.0018206701346390464
 ===== EM-algorithm: iteration 570 =====
finished type 1....
finished type 2....
finished type 3....
finished type 4....
finished type 5....
current likelihood: -12.14946797237974
current error: 0.0001064927121614545, 0.0018059647576462723
 ===== EM-algorithm: iteration 571 =====
finished type 1....
finished type 2....
finished type 3....
finished type 4....
finished type 5....
current likelihood: -12.149353586329708
current error: 0.00011438605003277758, 0.0018232684311403347
 ===== EM-algorithm: iteration 572 =====
finished type 1....
finished type 2....
finished type 3....
finished type 4....
finished type 5....
current likelihood: -12.14925375543237
current error: 9.98308973372275e-5, 0.0018179811176590732
 ===== EM-algorithm: iteration 573 =====
finished type 1....
finished type 2....
finished type 3....
finished type 4....
finished type 5....
current likelihood: -12.14915745584643
current error: 9.629958594103982e-5, 0.0018147961282176661
 ===== EM-algorithm: iteration 574 =====
finished type 1....
finished type 2....
finished type 3....
finished type 4....
finished type 5....
current likelihood: -12.149065205170151
current error: 9.225067627838257e-5, 0.001816176122981461
 ===== EM-algorithm: iteration 575 =====
finished type 1....
finished type 2....
finished type 3....
finished type 4....
finished type 5....
current likelihood: -12.148941464084364
current error: 0.00012374108578683263, 0.0018950351478030925
 ===== EM-algorithm: iteration 576 =====
finished type 1....
finished type 2....
finished type 3....
finished type 4....
finished type 5....
current likelihood: -12.148842910984033
current error: 9.855310033124454e-5, 0.0018717808279218318
 ===== EM-algorithm: iteration 577 =====
finished type 1....
finished type 2....
finished type 3....
finished type 4....
finished type 5....
current likelihood: -12.14875193543108
current error: 9.097555295412008e-5, 0.0018206903253661366
 ===== EM-algorithm: iteration 578 =====
finished type 1....
finished type 2....
finished type 3....
finished type 4....
finished type 5....
current likelihood: -12.1486487515856
current error: 0.00010318384547858273, 0.0018468703582961155
 ===== EM-algorithm: iteration 579 =====
finished type 1....
finished type 2....
finished type 3....
finished type 4....
finished type 5....
current likelihood: -12.148549864879534
current error: 9.888670606628125e-5, 0.0018144538574826896
 ===== EM-algorithm: iteration 580 =====
finished type 1....
finished type 2....
finished type 3....
finished type 4....
finished type 5....
current likelihood: -12.148453344154028
current error: 9.652072550636603e-5, 0.0018087999372536911
 ===== EM-algorithm: iteration 581 =====
finished type 1....
finished type 2....
finished type 3....
finished type 4....
finished type 5....
current likelihood: -12.14833441451695
current error: 0.00011892963707715865, 0.0018374381516315097
 ===== EM-algorithm: iteration 582 =====
finished type 1....
finished type 2....
finished type 3....
finished type 4....
finished type 5....
current likelihood: -12.148232912655542
current error: 0.00010150186140833739, 0.0017915614184960127
 ===== EM-algorithm: iteration 583 =====
finished type 1....
finished type 2....
finished type 3....
finished type 4....
finished type 5....
current likelihood: -12.148142573035392
current error: 9.033962015081443e-5, 0.0017943424277111486
 ===== EM-algorithm: iteration 584 =====
finished type 1....
finished type 2....
finished type 3....
finished type 4....
finished type 5....
current likelihood: -12.14804781187739
current error: 9.4761158001333e-5, 0.0018000320621951449
 ===== EM-algorithm: iteration 585 =====
finished type 1....
finished type 2....
finished type 3....
finished type 4....
finished type 5....
current likelihood: -12.147941973577321
current error: 0.0001058383000689389, 0.0018010613701848754
 ===== EM-algorithm: iteration 586 =====
finished type 1....
finished type 2....
finished type 3....
finished type 4....
finished type 5....
current likelihood: -12.147841804888566
current error: 0.0001001686887551756, 0.001801443963093008
 ===== EM-algorithm: iteration 587 =====
finished type 1....
finished type 2....
finished type 3....
finished type 4....
finished type 5....
current likelihood: -12.14773277993175
current error: 0.0001090249568154178, 0.0017767130761605632
 ===== EM-algorithm: iteration 588 =====
finished type 1....
finished type 2....
finished type 3....
finished type 4....
finished type 5....
current likelihood: -12.147613036817015
current error: 0.00011974311473572641, 0.0017836149366505794
 ===== EM-algorithm: iteration 589 =====
finished type 1....
finished type 2....
finished type 3....
finished type 4....
finished type 5....
current likelihood: -12.147518361175731
current error: 9.467564128406991e-5, 0.001752554424701236
 ===== EM-algorithm: iteration 590 =====
finished type 1....
finished type 2....
finished type 3....
finished type 4....
finished type 5....
current likelihood: -12.147422372498033
current error: 9.59886776978891e-5, 0.001963280645722598
 ===== EM-algorithm: iteration 591 =====
finished type 1....
finished type 2....
finished type 3....
finished type 4....
finished type 5....
current likelihood: -12.147304114087513
current error: 0.00011825841052015562, 0.0018537623670588088
 ===== EM-algorithm: iteration 592 =====
finished type 1....
finished type 2....
finished type 3....
finished type 4....
finished type 5....
current likelihood: -12.147203897241896
current error: 0.00010021684561678512, 0.0017850926506263187
 ===== EM-algorithm: iteration 593 =====
finished type 1....
finished type 2....
finished type 3....
finished type 4....
finished type 5....
current likelihood: -12.147104673622216
current error: 9.922361967973359e-5, 0.002000838421801099
 ===== EM-algorithm: iteration 594 =====
finished type 1....
finished type 2....
finished type 3....
finished type 4....
finished type 5....
current likelihood: -12.147013473637548
current error: 9.11999846682221e-5, 0.0018127718166434104
 ===== EM-algorithm: iteration 595 =====
finished type 1....
finished type 2....
finished type 3....
finished type 4....
finished type 5....
current likelihood: -12.146919463212306
current error: 9.401042524181946e-5, 0.001810471760368415
 ===== EM-algorithm: iteration 596 =====
finished type 1....
finished type 2....
finished type 3....
finished type 4....
finished type 5....
current likelihood: -12.146824414003367
current error: 9.504920893910196e-5, 0.00180432791703522
 ===== EM-algorithm: iteration 597 =====
finished type 1....
finished type 2....
finished type 3....
finished type 4....
finished type 5....
current likelihood: -12.146727213759414
current error: 9.720024395321047e-5, 0.0017933361092857814
 ===== EM-algorithm: iteration 598 =====
finished type 1....
finished type 2....
finished type 3....
finished type 4....
finished type 5....
current likelihood: -12.146632001302839
current error: 9.52124565749557e-5, 0.0017667632620832485
 ===== EM-algorithm: iteration 599 =====
finished type 1....
finished type 2....
finished type 3....
finished type 4....
finished type 5....
current likelihood: -12.14653531543432
current error: 9.668586851852012e-5, 0.0017140683335865603
 ===== EM-algorithm: iteration 600 =====
finished type 1....
finished type 2....
finished type 3....
finished type 4....
finished type 5....
current likelihood: -12.146435282475858
current error: 0.00010003295846239268, 0.0019380040467744664
 ===== EM-algorithm: iteration 601 =====
finished type 1....
finished type 2....
finished type 3....
finished type 4....
finished type 5....
current likelihood: -12.146319100402296
current error: 0.000116182073561788, 0.001998887151086315
 ===== EM-algorithm: iteration 602 =====
finished type 1....
finished type 2....
finished type 3....
finished type 4....
finished type 5....
current likelihood: -12.146199829615892
current error: 0.00011927078640461275, 0.0032850226511209613
 ===== EM-algorithm: iteration 603 =====
finished type 1....
finished type 2....
finished type 3....
finished type 4....
finished type 5....
current likelihood: -12.146096660774948
current error: 0.00010316884094407897, 0.00239352679514937
 ===== EM-algorithm: iteration 604 =====
finished type 1....
finished type 2....
finished type 3....
finished type 4....
finished type 5....
current likelihood: -12.145991715706446
current error: 0.0001049450685020048, 0.0022908946777988604
 ===== EM-algorithm: iteration 605 =====
finished type 1....
finished type 2....
finished type 3....
finished type 4....
finished type 5....
current likelihood: -12.14588890097893
current error: 0.00010281472751572096, 0.0025114816594076217
 ===== EM-algorithm: iteration 606 =====
finished type 1....
finished type 2....
finished type 3....
finished type 4....
finished type 5....
current likelihood: -12.1457766926752
current error: 0.00011220830372948853, 0.0017874348063055545
 ===== EM-algorithm: iteration 607 =====
finished type 1....
finished type 2....
finished type 3....
finished type 4....
finished type 5....
current likelihood: -12.145661373226433
current error: 0.00011531944876708167, 0.00207295713343858
 ===== EM-algorithm: iteration 608 =====
finished type 1....
finished type 2....
finished type 3....
finished type 4....
finished type 5....
current likelihood: -12.145501487129247
current error: 0.00015988609718675661, 0.0029422740493814104
 ===== EM-algorithm: iteration 609 =====
finished type 1....
finished type 2....
finished type 3....
finished type 4....
finished type 5....
current likelihood: -12.14536298480319
current error: 0.00013850232605605584, 0.002375783123366837
 ===== EM-algorithm: iteration 610 =====
finished type 1....
finished type 2....
finished type 3....
finished type 4....
finished type 5....
current likelihood: -12.145262191814634
current error: 0.0001007929885563641, 0.0019233849264750358
 ===== EM-algorithm: iteration 611 =====
finished type 1....
finished type 2....
finished type 3....
finished type 4....
finished type 5....
current likelihood: -12.145138623582968
current error: 0.00012356823166648212, 0.001830681713968163
 ===== EM-algorithm: iteration 612 =====
finished type 1....
finished type 2....
finished type 3....
finished type 4....
finished type 5....
current likelihood: -12.14503992380073
current error: 9.869978223697728e-5, 0.0034407343658262035
 ===== EM-algorithm: iteration 613 =====
finished type 1....
finished type 2....
finished type 3....
finished type 4....
finished type 5....
current likelihood: -12.144870628391397
current error: 0.00016929540933396936, 0.006528433072940487
 ===== EM-algorithm: iteration 614 =====
finished type 1....
finished type 2....
finished type 3....
finished type 4....
finished type 5....
current likelihood: -12.14472601025039
current error: 0.00014461814100741321, 0.002547331996121116
 ===== EM-algorithm: iteration 615 =====
finished type 1....
finished type 2....
finished type 3....
finished type 4....
finished type 5....
current likelihood: -12.144597589913863
current error: 0.00012842033652660234, 0.0014528947940302128
 ===== EM-algorithm: iteration 616 =====
finished type 1....
finished type 2....
finished type 3....
finished type 4....
finished type 5....
current likelihood: -12.14449311970674
current error: 0.00010447020712334165, 0.0014448117451754117
 ===== EM-algorithm: iteration 617 =====
finished type 1....
finished type 2....
finished type 3....
finished type 4....
finished type 5....
current likelihood: -12.144392421044499
current error: 0.00010069866224071689, 0.004448831317439783
 ===== EM-algorithm: iteration 618 =====
finished type 1....
finished type 2....
finished type 3....
finished type 4....
finished type 5....
current likelihood: -12.144295607914124
current error: 9.681313037468442e-5, 0.0031765148944167265
 ===== EM-algorithm: iteration 619 =====
finished type 1....
finished type 2....
finished type 3....
finished type 4....
finished type 5....
current likelihood: -12.144202954382894
current error: 9.265353122955844e-5, 0.0019780538604724507
 ===== EM-algorithm: iteration 620 =====
finished type 1....
finished type 2....
finished type 3....
finished type 4....
finished type 5....
current likelihood: -12.144110012623566
current error: 9.294175932872406e-5, 0.0020911236912617426
 ===== EM-algorithm: iteration 621 =====
finished type 1....
finished type 2....
finished type 3....
finished type 4....
finished type 5....
current likelihood: -12.144004342317933
current error: 0.000105670305632799, 0.0021248407696781157
 ===== EM-algorithm: iteration 622 =====
finished type 1....
finished type 2....
finished type 3....
finished type 4....
finished type 5....
current likelihood: -12.143913262593845
current error: 9.10797240880612e-5, 0.0018626234339164105
 ===== EM-algorithm: iteration 623 =====
finished type 1....
finished type 2....
finished type 3....
finished type 4....
finished type 5....
current likelihood: -12.14382446228343
current error: 8.880031041513803e-5, 0.001863266909727268
 ===== EM-algorithm: iteration 624 =====
finished type 1....
finished type 2....
finished type 3....
finished type 4....
finished type 5....
current likelihood: -12.143733886488533
current error: 9.057579489635259e-5, 0.0018969512315538672
 ===== EM-algorithm: iteration 625 =====
finished type 1....
finished type 2....
finished type 3....
finished type 4....
finished type 5....
current likelihood: -12.143629247785649
current error: 0.00010463870288468513, 0.0019186105400240683
 ===== EM-algorithm: iteration 626 =====
finished type 1....
finished type 2....
finished type 3....
finished type 4....
finished type 5....
current likelihood: -12.14353822363507
current error: 9.102415057782309e-5, 0.0019296104904978906
 ===== EM-algorithm: iteration 627 =====
finished type 1....
finished type 2....
finished type 3....
finished type 4....
finished type 5....
current likelihood: -12.143444180321525
current error: 9.404331354545548e-5, 0.0019403682979913794
 ===== EM-algorithm: iteration 628 =====
finished type 1....
finished type 2....
finished type 3....
finished type 4....
finished type 5....
current likelihood: -12.143339594055838
current error: 0.00010458626568699003, 0.0019514344781282889
 ===== EM-algorithm: iteration 629 =====
finished type 1....
finished type 2....
finished type 3....
finished type 4....
finished type 5....
current likelihood: -12.14323501508305
current error: 0.00010457897278826067, 0.001959159245222053
 ===== EM-algorithm: iteration 630 =====
finished type 1....
finished type 2....
finished type 3....
finished type 4....
finished type 5....
current likelihood: -12.143137565535357
current error: 9.744954769352887e-5, 0.001965338653384663
 ===== EM-algorithm: iteration 631 =====
finished type 1....
finished type 2....
finished type 3....
finished type 4....
finished type 5....
current likelihood: -12.143033037806495
current error: 0.00010452772886182515, 0.001979700473421553
 ===== EM-algorithm: iteration 632 =====
finished type 1....
finished type 2....
finished type 3....
finished type 4....
finished type 5....
current likelihood: -12.142933882479069
current error: 9.915532742610367e-5, 0.0019683076921379605
 ===== EM-algorithm: iteration 633 =====
finished type 1....
finished type 2....
finished type 3....
finished type 4....
finished type 5....
current likelihood: -12.142833581438891
current error: 0.00010030104017744179, 0.0019636974416252784
 ===== EM-algorithm: iteration 634 =====
finished type 1....
finished type 2....
finished type 3....
finished type 4....
finished type 5....
current likelihood: -12.142736250053485
current error: 9.73313854064628e-5, 0.001959950795714205
 ===== EM-algorithm: iteration 635 =====
finished type 1....
finished type 2....
finished type 3....
finished type 4....
finished type 5....
current likelihood: -12.142633195053627
current error: 0.00010305499985818756, 0.0019625116765499273
 ===== EM-algorithm: iteration 636 =====
finished type 1....
finished type 2....
finished type 3....
finished type 4....
finished type 5....
current likelihood: -12.142529068275
current error: 0.0001041267786270339, 0.0019694353783513696
 ===== EM-algorithm: iteration 637 =====
finished type 1....
finished type 2....
finished type 3....
finished type 4....
finished type 5....
current likelihood: -12.142422457066655
current error: 0.00010661120834498661, 0.0019729929084703057
 ===== EM-algorithm: iteration 638 =====
finished type 1....
finished type 2....
finished type 3....
finished type 4....
finished type 5....
current likelihood: -12.1423252564485
current error: 9.720061815521319e-5, 0.0023816549549273702
 ===== EM-algorithm: iteration 639 =====
finished type 1....
finished type 2....
finished type 3....
finished type 4....
finished type 5....
current likelihood: -12.142218629992628
current error: 0.00010662645587089514, 0.0034037626967364787
 ===== EM-algorithm: iteration 640 =====
finished type 1....
finished type 2....
finished type 3....
finished type 4....
finished type 5....
current likelihood: -12.142115052638557
current error: 0.00010357735407140467, 0.005493181623426935
 ===== EM-algorithm: iteration 641 =====
finished type 1....
finished type 2....
finished type 3....
finished type 4....
finished type 5....
current likelihood: -12.142004385969983
current error: 0.00011066666857395546, 0.004793273133079978
 ===== EM-algorithm: iteration 642 =====
finished type 1....
finished type 2....
finished type 3....
finished type 4....
finished type 5....
current likelihood: -12.141900151687203
current error: 0.000104234282780169, 0.0021666411698371135
 ===== EM-algorithm: iteration 643 =====
finished type 1....
finished type 2....
finished type 3....
finished type 4....
finished type 5....
current likelihood: -12.14180010252373
current error: 0.00010004916347305937, 0.0019339039163535077
 ===== EM-algorithm: iteration 644 =====
finished type 1....
finished type 2....
finished type 3....
finished type 4....
finished type 5....
current likelihood: -12.14168728978308
current error: 0.00011281274064955937, 0.001909165358209175
 ===== EM-algorithm: iteration 645 =====
finished type 1....
finished type 2....
finished type 3....
finished type 4....
finished type 5....
current likelihood: -12.141576549830319
current error: 0.00011073995276156268, 0.001927671562329314
 ===== EM-algorithm: iteration 646 =====
finished type 1....
finished type 2....
finished type 3....
finished type 4....
finished type 5....
current likelihood: -12.141468678315926
current error: 0.00010787151439295428, 0.0019151028469985842
 ===== EM-algorithm: iteration 647 =====
finished type 1....
finished type 2....
finished type 3....
finished type 4....
finished type 5....
current likelihood: -12.141364517911281
current error: 0.00010416040464455989, 0.0019061774768591722
 ===== EM-algorithm: iteration 648 =====
finished type 1....
finished type 2....
finished type 3....
finished type 4....
finished type 5....
current likelihood: -12.141257823922619
current error: 0.0001066939886626983, 0.0019081259458556543
 ===== EM-algorithm: iteration 649 =====
finished type 1....
finished type 2....
finished type 3....
finished type 4....
finished type 5....
current likelihood: -12.14116028727473
current error: 9.753664788902938e-5, 0.0019375325030793755
 ===== EM-algorithm: iteration 650 =====
finished type 1....
finished type 2....
finished type 3....
finished type 4....
finished type 5....
current likelihood: -12.141048130966931
current error: 0.00011215630779837227, 0.0019255713854475776
 ===== EM-algorithm: iteration 651 =====
finished type 1....
finished type 2....
finished type 3....
finished type 4....
finished type 5....
current likelihood: -12.140949228169923
current error: 9.890279700819349e-5, 0.00194745632559723
 ===== EM-algorithm: iteration 652 =====
finished type 1....
finished type 2....
finished type 3....
finished type 4....
finished type 5....
current likelihood: -12.140827125589652
current error: 0.00012210258027067766, 0.0029687538822642523
 ===== EM-algorithm: iteration 653 =====
finished type 1....
finished type 2....
finished type 3....
finished type 4....
finished type 5....
current likelihood: -12.140698452957208
current error: 0.00012867263244409344, 0.0019543673300574937
 ===== EM-algorithm: iteration 654 =====
finished type 1....
finished type 2....
finished type 3....
finished type 4....
finished type 5....
current likelihood: -12.140537037574553
current error: 0.00016141538265479483, 0.004222370143353693
 ===== EM-algorithm: iteration 655 =====
finished type 1....
finished type 2....
finished type 3....
finished type 4....
finished type 5....
current likelihood: -12.140372315843262
current error: 0.00016472173129145062, 0.0019029379206557673
 ===== EM-algorithm: iteration 656 =====
finished type 1....
finished type 2....
finished type 3....
finished type 4....
finished type 5....
current likelihood: -12.14021336867346
current error: 0.000158947169801138, 0.005104465860386043
 ===== EM-algorithm: iteration 657 =====
finished type 1....
finished type 2....
finished type 3....
finished type 4....
finished type 5....
current likelihood: -12.139988082690898
current error: 0.0002252859825624398, 0.0037046382884877715
 ===== EM-algorithm: iteration 658 =====
finished type 1....
finished type 2....
finished type 3....
finished type 4....
finished type 5....
current likelihood: -12.139856036957253
current error: 0.00013204573364511418, 0.001751427451113563
 ===== EM-algorithm: iteration 659 =====
finished type 1....
finished type 2....
finished type 3....
finished type 4....
finished type 5....
current likelihood: -12.139729130109895
current error: 0.00012690684735794378, 0.0019095350901540131
 ===== EM-algorithm: iteration 660 =====
finished type 1....
finished type 2....
finished type 3....
finished type 4....
finished type 5....
current likelihood: -12.139620563952045
current error: 0.00010856615785037604, 0.001961264659827766
 ===== EM-algorithm: iteration 661 =====
finished type 1....
finished type 2....
finished type 3....
finished type 4....
finished type 5....
current likelihood: -12.139511873357131
current error: 0.00010869059491369626, 0.002001232751247084
 ===== EM-algorithm: iteration 662 =====
finished type 1....
finished type 2....
finished type 3....
finished type 4....
finished type 5....
current likelihood: -12.139410262023587
current error: 0.0001016113335445823, 0.0020211425481430068
 ===== EM-algorithm: iteration 663 =====
finished type 1....
finished type 2....
finished type 3....
finished type 4....
finished type 5....
current likelihood: -12.13930440607272
current error: 0.00010585595086709532, 0.002029355785908127
 ===== EM-algorithm: iteration 664 =====
finished type 1....
finished type 2....
finished type 3....
finished type 4....
finished type 5....
current likelihood: -12.139211021088306
current error: 9.338498441380239e-5, 0.002022271839961731
 ===== EM-algorithm: iteration 665 =====
finished type 1....
finished type 2....
finished type 3....
finished type 4....
finished type 5....
current likelihood: -12.13911687322155
current error: 9.414786675598918e-5, 0.002012890688308122
 ===== EM-algorithm: iteration 666 =====
finished type 1....
finished type 2....
finished type 3....
finished type 4....
finished type 5....
current likelihood: -12.139021456590475
current error: 9.541663107448528e-5, 0.001998863636891668
 ===== EM-algorithm: iteration 667 =====
finished type 1....
finished type 2....
finished type 3....
finished type 4....
finished type 5....
current likelihood: -12.138929071465757
current error: 9.238512471831939e-5, 0.0019797406269033146
 ===== EM-algorithm: iteration 668 =====
finished type 1....
finished type 2....
finished type 3....
finished type 4....
finished type 5....
current likelihood: -12.138828138866904
current error: 0.00010093259885302075, 0.0019658820922430764
 ===== EM-algorithm: iteration 669 =====
finished type 1....
finished type 2....
finished type 3....
finished type 4....
finished type 5....
current likelihood: -12.138734383311588
current error: 9.375555531576651e-5, 0.0019433645146308964
 ===== EM-algorithm: iteration 670 =====
finished type 1....
finished type 2....
finished type 3....
finished type 4....
finished type 5....
current likelihood: -12.138630438293722
current error: 0.00010394501786592514, 0.001813516985047392
 ===== EM-algorithm: iteration 671 =====
finished type 1....
finished type 2....
finished type 3....
finished type 4....
finished type 5....
current likelihood: -12.138538107322
current error: 9.23309717215659e-5, 0.007978463666026059
 ===== EM-algorithm: iteration 672 =====
finished type 1....
finished type 2....
finished type 3....
finished type 4....
finished type 5....
current likelihood: -12.138435397875497
current error: 0.00010270944650336844, 0.003331896293283343
 ===== EM-algorithm: iteration 673 =====
finished type 1....
finished type 2....
finished type 3....
finished type 4....
finished type 5....
current likelihood: -12.138328987727693
current error: 0.00010641014780432556, 0.004163968279137009
 ===== EM-algorithm: iteration 674 =====
finished type 1....
finished type 2....
finished type 3....
finished type 4....
finished type 5....
current likelihood: -12.138232478147453
current error: 9.650958024032263e-5, 0.005300186714817912
 ===== EM-algorithm: iteration 675 =====
finished type 1....
finished type 2....
finished type 3....
finished type 4....
finished type 5....
current likelihood: -12.138132920819857
current error: 9.955732759614477e-5, 0.0017629959304668597
 ===== EM-algorithm: iteration 676 =====
finished type 1....
finished type 2....
finished type 3....
finished type 4....
finished type 5....
current likelihood: -12.138035289224854
current error: 9.763159500231211e-5, 0.001776055302091184
 ===== EM-algorithm: iteration 677 =====
finished type 1....
finished type 2....
finished type 3....
finished type 4....
finished type 5....
current likelihood: -12.137942987882381
current error: 9.230134247317778e-5, 0.001982243377803561
 ===== EM-algorithm: iteration 678 =====
finished type 1....
finished type 2....
finished type 3....
finished type 4....
finished type 5....
current likelihood: -12.137795773973567
current error: 0.0001472139088143365, 0.004295636746235232
 ===== EM-algorithm: iteration 679 =====
finished type 1....
finished type 2....
finished type 3....
finished type 4....
finished type 5....
current likelihood: -12.137620839904042
current error: 0.00017493406952517887, 0.0015139266321178013
 ===== EM-algorithm: iteration 680 =====
finished type 1....
finished type 2....
finished type 3....
finished type 4....
finished type 5....
current likelihood: -12.137465883303047
current error: 0.00015495660099418274, 0.0015012153906575065
 ===== EM-algorithm: iteration 681 =====
finished type 1....
finished type 2....
finished type 3....
finished type 4....
finished type 5....
current likelihood: -12.137340060436385
current error: 0.00012582286666251719, 0.0029365002353616276
 ===== EM-algorithm: iteration 682 =====
finished type 1....
finished type 2....
finished type 3....
finished type 4....
finished type 5....
current likelihood: -12.137235414610855
current error: 0.00010464582553026958, 0.0019904305232714137
 ===== EM-algorithm: iteration 683 =====
finished type 1....
finished type 2....
finished type 3....
finished type 4....
finished type 5....
current likelihood: -12.13713926633899
current error: 9.614827186510411e-5, 0.0026810005822852645
 ===== EM-algorithm: iteration 684 =====
finished type 1....
finished type 2....
finished type 3....
finished type 4....
finished type 5....
current likelihood: -12.13704644411972
current error: 9.282221926909529e-5, 0.00205097345425731
 ===== EM-algorithm: iteration 685 =====
finished type 1....
finished type 2....
finished type 3....
finished type 4....
finished type 5....
current likelihood: -12.13694224730004
current error: 0.00010419681968087957, 0.007135075412191938
 ===== EM-algorithm: iteration 686 =====
finished type 1....
finished type 2....
finished type 3....
finished type 4....
finished type 5....
current likelihood: -12.136791253838933
current error: 0.00015099346110680756, 0.0013444912409958931
 ===== EM-algorithm: iteration 687 =====
finished type 1....
finished type 2....
finished type 3....
finished type 4....
finished type 5....
current likelihood: -12.136662021212112
current error: 0.00012923262682029701, 0.003552016864198926
 ===== EM-algorithm: iteration 688 =====
finished type 1....
finished type 2....
finished type 3....
finished type 4....
finished type 5....
current likelihood: -12.13655260261352
current error: 0.00010941859859237013, 0.002024964533449136
 ===== EM-algorithm: iteration 689 =====
finished type 1....
finished type 2....
finished type 3....
finished type 4....
finished type 5....
current likelihood: -12.136411679984382
current error: 0.00014092262913756315, 0.0017595591872421323
 ===== EM-algorithm: iteration 690 =====
finished type 1....
finished type 2....
finished type 3....
finished type 4....
finished type 5....
current likelihood: -12.136273786030952
current error: 0.00013789395343088984, 0.0018416392643416657
 ===== EM-algorithm: iteration 691 =====
finished type 1....
finished type 2....
finished type 3....
finished type 4....
finished type 5....
current likelihood: -12.136137525533266
current error: 0.0001362604976851145, 0.001978524227061129
 ===== EM-algorithm: iteration 692 =====
finished type 1....
finished type 2....
finished type 3....
finished type 4....
finished type 5....
current likelihood: -12.136014073470276
current error: 0.00012345206299002598, 0.004346611434236536
 ===== EM-algorithm: iteration 693 =====
finished type 1....
finished type 2....
finished type 3....
finished type 4....
finished type 5....
current likelihood: -12.135900978278826
current error: 0.00011309519145008551, 0.0059801081865966665
 ===== EM-algorithm: iteration 694 =====
finished type 1....
finished type 2....
finished type 3....
finished type 4....
finished type 5....
current likelihood: -12.1357900785506
current error: 0.00011089972822553307, 0.002030531335012853
 ===== EM-algorithm: iteration 695 =====
finished type 1....
finished type 2....
finished type 3....
finished type 4....
finished type 5....
current likelihood: -12.135658689418513
current error: 0.00013138913208798897, 0.002258658618716325
 ===== EM-algorithm: iteration 696 =====
finished type 1....
finished type 2....
finished type 3....
finished type 4....
finished type 5....
current likelihood: -12.135529643043846
current error: 0.00012904637466704116, 0.0020606506036067174
 ===== EM-algorithm: iteration 697 =====
finished type 1....
finished type 2....
finished type 3....
finished type 4....
finished type 5....
current likelihood: -12.1354193522121
current error: 0.0001102908317456297, 0.002180300833575899
 ===== EM-algorithm: iteration 698 =====
finished type 1....
finished type 2....
finished type 3....
finished type 4....
finished type 5....
current likelihood: -12.135304921901378
current error: 0.0001144303107221134, 0.002236684752181972
 ===== EM-algorithm: iteration 699 =====
finished type 1....
finished type 2....
finished type 3....
finished type 4....
finished type 5....
current likelihood: -12.135193762558153
current error: 0.00011115934322525334, 0.0022323219838842334
 ===== EM-algorithm: iteration 700 =====
finished type 1....
finished type 2....
finished type 3....
finished type 4....
finished type 5....
current likelihood: -12.135080603753025
current error: 0.00011315880512796639, 0.0022391855772756486
 ===== EM-algorithm: iteration 701 =====
finished type 1....
finished type 2....
finished type 3....
finished type 4....
finished type 5....
current likelihood: -12.134964947025331
current error: 0.0001156567276936471, 0.008408391955249783
 ===== EM-algorithm: iteration 702 =====
finished type 1....
finished type 2....
finished type 3....
finished type 4....
finished type 5....
current likelihood: -12.134835350930743
current error: 0.00012959609458818022, 0.0019118414785924687
 ===== EM-algorithm: iteration 703 =====
finished type 1....
finished type 2....
finished type 3....
finished type 4....
finished type 5....
current likelihood: -12.13470193902717
current error: 0.0001334119035725223, 0.001959698339391025
 ===== EM-algorithm: iteration 704 =====
finished type 1....
finished type 2....
finished type 3....
finished type 4....
finished type 5....
current likelihood: -12.134530089832571
current error: 0.00017184919459900527, 0.0020695786495298907
 ===== EM-algorithm: iteration 705 =====
finished type 1....
finished type 2....
finished type 3....
finished type 4....
finished type 5....
current likelihood: -12.134269518991891
current error: 0.0002605708406804297, 0.0025111734773016203
 ===== EM-algorithm: iteration 706 =====
finished type 1....
finished type 2....
finished type 3....
finished type 4....
finished type 5....
current likelihood: -12.133857253663237
current error: 0.00041226532865401566, 0.003514187152987014
 ===== EM-algorithm: iteration 707 =====
finished type 1....
finished type 2....
finished type 3....
finished type 4....
finished type 5....
current likelihood: -12.133361019839734
current error: 0.0004962338235028341, 0.004593227084625062
 ===== EM-algorithm: iteration 708 =====
finished type 1....
finished type 2....
finished type 3....
finished type 4....
finished type 5....
current likelihood: -12.132950177323467
current error: 0.00041084251626699597, 0.00499583733786918
 ===== EM-algorithm: iteration 709 =====
finished type 1....
finished type 2....
finished type 3....
finished type 4....
finished type 5....
current likelihood: -12.132671941909473
current error: 0.00027823541399385476, 0.004781702230286566
 ===== EM-algorithm: iteration 710 =====
finished type 1....
finished type 2....
finished type 3....
finished type 4....
finished type 5....
current likelihood: -12.132470186655498
current error: 0.00020175525397547744, 0.005488350655708629
 ===== EM-algorithm: iteration 711 =====
finished type 1....
finished type 2....
finished type 3....
finished type 4....
finished type 5....
current likelihood: -12.132297180646686
current error: 0.00017300600881142714, 0.004274365323724272
 ===== EM-algorithm: iteration 712 =====
finished type 1....
finished type 2....
finished type 3....
finished type 4....
finished type 5....
current likelihood: -12.132149734326896
current error: 0.00014744631979013434, 0.005635540043964937
 ===== EM-algorithm: iteration 713 =====
finished type 1....
finished type 2....
finished type 3....
finished type 4....
finished type 5....
current likelihood: -12.13200250238396
current error: 0.000147231942936088, 0.0033007292120416643
 ===== EM-algorithm: iteration 714 =====
finished type 1....
finished type 2....
finished type 3....
finished type 4....
finished type 5....
current likelihood: -12.131869659248926
current error: 0.0001328431350344772, 0.005878716005270235
 ===== EM-algorithm: iteration 715 =====
finished type 1....
finished type 2....
finished type 3....
finished type 4....
finished type 5....
current likelihood: -12.131734892534809
current error: 0.00013476671411716268, 0.0026986898347865496
 ===== EM-algorithm: iteration 716 =====
finished type 1....
finished type 2....
finished type 3....
finished type 4....
finished type 5....
current likelihood: -12.131612161188162
current error: 0.00012273134664653185, 0.00580858367733228
 ===== EM-algorithm: iteration 717 =====
finished type 1....
finished type 2....
finished type 3....
finished type 4....
finished type 5....
current likelihood: -12.131486154200552
current error: 0.00012600698761033868, 0.0023824273153968956
 ===== EM-algorithm: iteration 718 =====
finished type 1....
finished type 2....
finished type 3....
finished type 4....
finished type 5....
current likelihood: -12.131369511783936
current error: 0.00011664241661613062, 0.005311789109715193
 ===== EM-algorithm: iteration 719 =====
finished type 1....
finished type 2....
finished type 3....
finished type 4....
finished type 5....
current likelihood: -12.131254850331674
current error: 0.00011466145226179947, 0.0021890962733381314
 ===== EM-algorithm: iteration 720 =====
finished type 1....
finished type 2....
finished type 3....
finished type 4....
finished type 5....
current likelihood: -12.131143181761088
current error: 0.00011166857058597657, 0.005348635401805524
 ===== EM-algorithm: iteration 721 =====
finished type 1....
finished type 2....
finished type 3....
finished type 4....
finished type 5....
current likelihood: -12.13102515665749
current error: 0.00011802510359792961, 0.0027039608354666456
 ===== EM-algorithm: iteration 722 =====
finished type 1....
finished type 2....
finished type 3....
finished type 4....
finished type 5....
current likelihood: -12.130915191487984
current error: 0.00010996516950534385, 0.0037757322768872115
 ===== EM-algorithm: iteration 723 =====
finished type 1....
finished type 2....
finished type 3....
finished type 4....
finished type 5....
current likelihood: -12.13080620949875
current error: 0.00010898198923392499, 0.0032544859382852565
 ===== EM-algorithm: iteration 724 =====
finished type 1....
finished type 2....
finished type 3....
finished type 4....
finished type 5....
current likelihood: -12.130697314108442
current error: 0.00010889539030856099, 0.0028899144845642155
 ===== EM-algorithm: iteration 725 =====
finished type 1....
finished type 2....
finished type 3....
finished type 4....
finished type 5....
current likelihood: -12.13058957420069
current error: 0.00010773990775270192, 0.004451664505598529
 ===== EM-algorithm: iteration 726 =====
finished type 1....
finished type 2....
finished type 3....
finished type 4....
finished type 5....
current likelihood: -12.13048252748643
current error: 0.00010704671425898482, 0.0032386512211513008
 ===== EM-algorithm: iteration 727 =====
finished type 1....
finished type 2....
finished type 3....
finished type 4....
finished type 5....
current likelihood: -12.130377247438282
current error: 0.00010528004814780445, 0.0027399198936368663
 ===== EM-algorithm: iteration 728 =====
finished type 1....
finished type 2....
finished type 3....
finished type 4....
finished type 5....
current likelihood: -12.130273774294295
current error: 0.00010347314398728713, 0.0028430532661776198
 ===== EM-algorithm: iteration 729 =====
finished type 1....
finished type 2....
finished type 3....
finished type 4....
finished type 5....
current likelihood: -12.130172061612097
current error: 0.00010171268219849594, 0.00211518791626375
 ===== EM-algorithm: iteration 730 =====
finished type 1....
finished type 2....
finished type 3....
finished type 4....
finished type 5....
current likelihood: -12.130070792709793
current error: 0.00010126890230388597, 0.0016775405260478493
 ===== EM-algorithm: iteration 731 =====
finished type 1....
finished type 2....
finished type 3....
finished type 4....
finished type 5....
current likelihood: -12.129976572665276
current error: 9.422004451664634e-5, 0.0016599680791236082
 ===== EM-algorithm: iteration 732 =====
finished type 1....
finished type 2....
finished type 3....
finished type 4....
finished type 5....
current likelihood: -12.129876269663807
current error: 0.00010030300146901538, 0.0016830926255968492
 ===== EM-algorithm: iteration 733 =====
finished type 1....
finished type 2....
finished type 3....
finished type 4....
finished type 5....
current likelihood: -12.129776657301905
current error: 9.961236190214606e-5, 0.0016710124681669214
 ===== EM-algorithm: iteration 734 =====
finished type 1....
finished type 2....
finished type 3....
finished type 4....
finished type 5....
current likelihood: -12.129677574614988
current error: 9.908268691738442e-5, 0.0017596919123299415
 ===== EM-algorithm: iteration 735 =====
finished type 1....
finished type 2....
finished type 3....
finished type 4....
finished type 5....
current likelihood: -12.129578025534437
current error: 9.954908055043177e-5, 0.0016783831275466454
 ===== EM-algorithm: iteration 736 =====
finished type 1....
finished type 2....
finished type 3....
finished type 4....
finished type 5....
current likelihood: -12.129479948542922
current error: 9.80769915148727e-5, 0.001826191988016923
 ===== EM-algorithm: iteration 737 =====
finished type 1....
finished type 2....
finished type 3....
finished type 4....
finished type 5....
current likelihood: -12.12938167480369
current error: 9.827373923165794e-5, 0.0017152202153019047
 ===== EM-algorithm: iteration 738 =====
finished type 1....
finished type 2....
finished type 3....
finished type 4....
finished type 5....
current likelihood: -12.12928473361149
current error: 9.694119220071684e-5, 0.001894439383731239
 ===== EM-algorithm: iteration 739 =====
finished type 1....
finished type 2....
finished type 3....
finished type 4....
finished type 5....
current likelihood: -12.129187454807628
current error: 9.727880386201093e-5, 0.0017522613411848909
 ===== EM-algorithm: iteration 740 =====
finished type 1....
finished type 2....
finished type 3....
finished type 4....
finished type 5....
current likelihood: -12.12909160921226
current error: 9.584559536790493e-5, 0.0019546845871589724
 ===== EM-algorithm: iteration 741 =====
finished type 1....
finished type 2....
finished type 3....
finished type 4....
finished type 5....
current likelihood: -12.128995014572697
current error: 9.659463956346315e-5, 0.0018114045161379266
 ===== EM-algorithm: iteration 742 =====
finished type 1....
finished type 2....
finished type 3....
finished type 4....
finished type 5....
current likelihood: -12.12889809834889
current error: 9.691622380714193e-5, 0.0020216346435750765
 ===== EM-algorithm: iteration 743 =====
finished type 1....
finished type 2....
finished type 3....
finished type 4....
finished type 5....
current likelihood: -12.128801930250548
current error: 9.61680983415647e-5, 0.0018835715155516297
 ===== EM-algorithm: iteration 744 =====
finished type 1....
finished type 2....
finished type 3....
finished type 4....
finished type 5....
current likelihood: -12.128706662204932
current error: 9.526804561588165e-5, 0.002061384085510376
 ===== EM-algorithm: iteration 745 =====
finished type 1....
finished type 2....
finished type 3....
finished type 4....
finished type 5....
current likelihood: -12.128611227158443
current error: 9.5435046489456e-5, 0.0019447144592694698
 ===== EM-algorithm: iteration 746 =====
finished type 1....
finished type 2....
finished type 3....
finished type 4....
finished type 5....
current likelihood: -12.12851617240987
current error: 9.505474857185447e-5, 0.002082043214293172
 ===== EM-algorithm: iteration 747 =====
finished type 1....
finished type 2....
finished type 3....
finished type 4....
finished type 5....
current likelihood: -12.128417327326323
current error: 9.884508354751631e-5, 0.0019518198848391677
 ===== EM-algorithm: iteration 748 =====
finished type 1....
finished type 2....
finished type 3....
finished type 4....
finished type 5....
current likelihood: -12.12831234166357
current error: 0.00010498566275352061, 0.0020321233370053093
 ===== EM-algorithm: iteration 749 =====
finished type 1....
finished type 2....
finished type 3....
finished type 4....
finished type 5....
current likelihood: -12.128207938307911
current error: 0.00010440335565853331, 0.001940210796127495
 ===== EM-algorithm: iteration 750 =====
finished type 1....
finished type 2....
finished type 3....
finished type 4....
finished type 5....
current likelihood: -12.128104431148568
current error: 0.00010350715934315247, 0.001983094712624478
 ===== EM-algorithm: iteration 751 =====
finished type 1....
finished type 2....
finished type 3....
finished type 4....
finished type 5....
current likelihood: -12.128005194260615
current error: 9.923688795332453e-5, 0.0018852433703075988
 ===== EM-algorithm: iteration 752 =====
finished type 1....
finished type 2....
finished type 3....
finished type 4....
finished type 5....
current likelihood: -12.127902210390706
current error: 0.00010298386990825747, 0.001949528616639995
 ===== EM-algorithm: iteration 753 =====
finished type 1....
finished type 2....
finished type 3....
finished type 4....
finished type 5....
current likelihood: -12.127799362235614
current error: 0.00010284815509287171, 0.0018785612989411504
 ===== EM-algorithm: iteration 754 =====
finished type 1....
finished type 2....
finished type 3....
finished type 4....
finished type 5....
current likelihood: -12.127699695728024
current error: 9.966650758919116e-5, 0.0018868974597898713
 ===== EM-algorithm: iteration 755 =====
finished type 1....
finished type 2....
finished type 3....
finished type 4....
finished type 5....
current likelihood: -12.127598121692124
current error: 0.00010157403590049796, 0.001830823304546314
 ===== EM-algorithm: iteration 756 =====
finished type 1....
finished type 2....
finished type 3....
finished type 4....
finished type 5....
current likelihood: -12.127500855669634
current error: 9.726602248960603e-5, 0.0018584959379435162
 ===== EM-algorithm: iteration 757 =====
finished type 1....
finished type 2....
finished type 3....
finished type 4....
finished type 5....
current likelihood: -12.127401016235666
current error: 9.983943396818518e-5, 0.0018226200191815423
 ===== EM-algorithm: iteration 758 =====
finished type 1....
finished type 2....
finished type 3....
finished type 4....
finished type 5....
current likelihood: -12.12729936055547
current error: 0.0001016556801953783, 0.0018397212688352482
 ===== EM-algorithm: iteration 759 =====
finished type 1....
finished type 2....
finished type 3....
finished type 4....
finished type 5....
current likelihood: -12.127196587700183
current error: 0.00010277285528736968, 0.001803067423965743
 ===== EM-algorithm: iteration 760 =====
finished type 1....
finished type 2....
finished type 3....
finished type 4....
finished type 5....
current likelihood: -12.12709466599077
current error: 0.00010192170941358825, 0.0018153685100976702
 ===== EM-algorithm: iteration 761 =====
finished type 1....
finished type 2....
finished type 3....
finished type 4....
finished type 5....
current likelihood: -12.126995279607732
current error: 9.938638303808034e-5, 0.0018612422482586766
 ===== EM-algorithm: iteration 762 =====
finished type 1....
finished type 2....
finished type 3....
finished type 4....
finished type 5....
current likelihood: -12.126896144627786
current error: 9.913497994595843e-5, 0.0018690775082692568
 ===== EM-algorithm: iteration 763 =====
finished type 1....
finished type 2....
finished type 3....
finished type 4....
finished type 5....
current likelihood: -12.126791862978532
current error: 0.00010428164925357919, 0.0019032996417713832
 ===== EM-algorithm: iteration 764 =====
finished type 1....
finished type 2....
finished type 3....
finished type 4....
finished type 5....
current likelihood: -12.126686177079398
current error: 0.00010568589913440007, 0.0019050373457538683
 ===== EM-algorithm: iteration 765 =====
finished type 1....
finished type 2....
finished type 3....
finished type 4....
finished type 5....
current likelihood: -12.126577110077308
current error: 0.00010906700208934694, 0.0019330455178945272
 ===== EM-algorithm: iteration 766 =====
finished type 1....
finished type 2....
finished type 3....
finished type 4....
finished type 5....
current likelihood: -12.126464106780459
current error: 0.00011300329684971189, 0.0019271797727249407
 ===== EM-algorithm: iteration 767 =====
finished type 1....
finished type 2....
finished type 3....
finished type 4....
finished type 5....
current likelihood: -12.126345189690518
current error: 0.00011891708994049566, 0.001956859379751208
 ===== EM-algorithm: iteration 768 =====
finished type 1....
finished type 2....
finished type 3....
finished type 4....
finished type 5....
current likelihood: -12.126222220088938
current error: 0.00012296960158053594, 0.001942094086730961
 ===== EM-algorithm: iteration 769 =====
finished type 1....
finished type 2....
finished type 3....
finished type 4....
finished type 5....
current likelihood: -12.126097245718185
current error: 0.0001249743707525397, 0.0019581343058714396
 ===== EM-algorithm: iteration 770 =====
finished type 1....
finished type 2....
finished type 3....
finished type 4....
finished type 5....
current likelihood: -12.12597683029058
current error: 0.00012041542760421464, 0.0019280650883466421
 ===== EM-algorithm: iteration 771 =====
finished type 1....
finished type 2....
finished type 3....
finished type 4....
finished type 5....
current likelihood: -12.125862492107606
current error: 0.00011433818297490461, 0.001947483287263907
 ===== EM-algorithm: iteration 772 =====
finished type 1....
finished type 2....
finished type 3....
finished type 4....
finished type 5....
current likelihood: -12.12575459179759
current error: 0.0001079003100166176, 0.001918243122776886
 ===== EM-algorithm: iteration 773 =====
finished type 1....
finished type 2....
finished type 3....
finished type 4....
finished type 5....
current likelihood: -12.125652664586676
current error: 0.00010192721091328849, 0.0019450313216147208
 ===== EM-algorithm: iteration 774 =====
finished type 1....
finished type 2....
finished type 3....
finished type 4....
finished type 5....
current likelihood: -12.125549980676583
current error: 0.00010268391009304878, 0.0019523637466694055
 ===== EM-algorithm: iteration 775 =====
finished type 1....
finished type 2....
finished type 3....
finished type 4....
finished type 5....
current likelihood: -12.125448092259743
current error: 0.0001018884168395573, 0.001953644774996377
 ===== EM-algorithm: iteration 776 =====
finished type 1....
finished type 2....
finished type 3....
finished type 4....
finished type 5....
current likelihood: -12.125346138352706
current error: 0.00010195390703771068, 0.0019228896737981671
 ===== EM-algorithm: iteration 777 =====
finished type 1....
finished type 2....
finished type 3....
finished type 4....
finished type 5....
current likelihood: -12.125244801240164
current error: 0.00010133711254134425, 0.0019399068945507025
 ===== EM-algorithm: iteration 778 =====
finished type 1....
finished type 2....
finished type 3....
finished type 4....
finished type 5....
current likelihood: -12.125144544051265
current error: 0.0001002571888992776, 0.001945167465001063
 ===== EM-algorithm: iteration 779 =====
finished type 1....
finished type 2....
finished type 3....
finished type 4....
finished type 5....
current likelihood: -12.125044030171496
current error: 0.00010051387976872661, 0.0019413956713520975
 ===== EM-algorithm: iteration 780 =====
finished type 1....
finished type 2....
finished type 3....
finished type 4....
finished type 5....
current likelihood: -12.124944090912193
current error: 9.993925930373848e-5, 0.0019380878616921393
 ===== EM-algorithm: iteration 781 =====
finished type 1....
finished type 2....
finished type 3....
finished type 4....
finished type 5....
current likelihood: -12.124843316968729
current error: 0.00010077394346375002, 0.0019269326101447604
 ===== EM-algorithm: iteration 782 =====
finished type 1....
finished type 2....
finished type 3....
finished type 4....
finished type 5....
current likelihood: -12.124742466977825
current error: 0.00010084999090409497, 0.0019311678269620103
 ===== EM-algorithm: iteration 783 =====
finished type 1....
finished type 2....
finished type 3....
finished type 4....
finished type 5....
current likelihood: -12.12464186014234
current error: 0.00010060683548474003, 0.0019297620363065704
 ===== EM-algorithm: iteration 784 =====
finished type 1....
finished type 2....
finished type 3....
finished type 4....
finished type 5....
current likelihood: -12.12454108428622
current error: 0.0001007758561204497, 0.001925490132693497
 ===== EM-algorithm: iteration 785 =====
finished type 1....
finished type 2....
finished type 3....
finished type 4....
finished type 5....
current likelihood: -12.124440059637333
current error: 0.00010102464888639417, 0.0019221519740337811
 ===== EM-algorithm: iteration 786 =====
finished type 1....
finished type 2....
finished type 3....
finished type 4....
finished type 5....
current likelihood: -12.124338895733338
current error: 0.00010116390399517172, 0.00191878944296775
 ===== EM-algorithm: iteration 787 =====
finished type 1....
finished type 2....
finished type 3....
finished type 4....
finished type 5....
current likelihood: -12.12423566921907
current error: 0.00010322651426797336, 0.0019185677453954497
 ===== EM-algorithm: iteration 788 =====
finished type 1....
finished type 2....
finished type 3....
finished type 4....
finished type 5....
current likelihood: -12.124131409609987
current error: 0.00010425960908300169, 0.0019170590804478138
 ===== EM-algorithm: iteration 789 =====
finished type 1....
finished type 2....
finished type 3....
finished type 4....
finished type 5....
current likelihood: -12.124027377719758
current error: 0.00010403189022945014, 0.0019136456099531074
 ===== EM-algorithm: iteration 790 =====
finished type 1....
finished type 2....
finished type 3....
finished type 4....
finished type 5....
current likelihood: -12.1239231430583
current error: 0.00010423466145681459, 0.00191060857890335
 ===== EM-algorithm: iteration 791 =====
finished type 1....
finished type 2....
finished type 3....
finished type 4....
finished type 5....
current likelihood: -12.123818467576324
current error: 0.00010467548197645726, 0.0019079455501138654
 ===== EM-algorithm: iteration 792 =====
finished type 1....
finished type 2....
finished type 3....
finished type 4....
finished type 5....
current likelihood: -12.123715675712681
current error: 0.00010279186364314796, 0.0019057159313913274
 ===== EM-algorithm: iteration 793 =====
finished type 1....
finished type 2....
finished type 3....
finished type 4....
finished type 5....
current likelihood: -12.123609259782699
current error: 0.00010641592998261729, 0.001903012044619956
 ===== EM-algorithm: iteration 794 =====
finished type 1....
finished type 2....
finished type 3....
finished type 4....
finished type 5....
current likelihood: -12.123504663537581
current error: 0.00010459624511760524, 0.001900973573329523
 ===== EM-algorithm: iteration 795 =====
finished type 1....
finished type 2....
finished type 3....
finished type 4....
finished type 5....
current likelihood: -12.123397192778876
current error: 0.00010747075870476408, 0.0019000199228553782
 ===== EM-algorithm: iteration 796 =====
finished type 1....
finished type 2....
finished type 3....
finished type 4....
finished type 5....
current likelihood: -12.123289333407001
current error: 0.00010785937187485217, 0.0018962279338889942
 ===== EM-algorithm: iteration 797 =====
finished type 1....
finished type 2....
finished type 3....
finished type 4....
finished type 5....
current likelihood: -12.12317754144183
current error: 0.00011179196517119294, 0.0018932508577655938
 ===== EM-algorithm: iteration 798 =====
finished type 1....
finished type 2....
finished type 3....
finished type 4....
finished type 5....
current likelihood: -12.12306583421025
current error: 0.00011170723158038243, 0.0018879166681653459
 ===== EM-algorithm: iteration 799 =====
finished type 1....
finished type 2....
finished type 3....
finished type 4....
finished type 5....
current likelihood: -12.122963301495712
current error: 0.00010253271453741775, 0.0018867834476257173
pure virtual method called
terminate called without an active exception

[1395545] signal (6.-6): Aborted
in expression starting at none:0
