source,variable,year,Q,value,case,sd,q25,q75
SIPP,Behavioral Skill,1994,0,-1.963442388567235,FTP,0.9018604663462804,-4.331805363783961,-0.9134716116831748
SIPP,Cognitive Skill,1994,0,-0.6239242884646469,FTP,0.9167547432821246,-2.0689529305371073,0.9501254403129071
SIPP,CEV,1994,0,1.1937950104807649,FTP,0.24177067456746168,0.765544470362347,1.6665200314428041
SIPP,Behavioral Skill,1996,0,-2.368601130481804,CTJF,1.1158788940749926,-5.062627209631989,-1.1687485881390378
SIPP,Cognitive Skill,1996,0,-0.7807774400317709,CTJF,1.1130231675434379,-2.717769160018641,1.0663855503279014
SIPP,CEV,1996,0,2.801939599996004,CTJF,0.2820627626664312,2.2680557316132846,3.345036815530485
SIPP,Behavioral Skill,1994,0,-2.300554456435881,MFIP,1.0708405121799347,-4.92010193690712,-1.1374341660985163
SIPP,Cognitive Skill,1994,0,-0.759433768460302,MFIP,1.075532863726867,-2.624560588519815,1.0147596061922637
SIPP,CEV,1994,0,2.0321204215825195,MFIP,0.28171466296919645,1.5298831354876117,2.558684652345364
