source,variable,year,Q,value,case,sd,q25,q75
SIPP,Behavioral Skill,1994,0,-9.975804907127975,FTP,14.523694748109866,-29.38185313787039,-2.2348594214039315
SIPP,Cognitive Skill,1994,0,-3.136672579755717,FTP,36.46600673084301,-27.159322926495058,4.582834336170749
SIPP,CEV,1994,0,0.5184527329615739,FTP,0.07493429274390737,0.4106841648229003,0.6434031044118674
SIPP,Behavioral Skill,1996,0,-13.521065348430279,CTJF,22.73930248982695,-40.15021637974952,-3.1474499202547404
SIPP,Cognitive Skill,1996,0,-5.205229205623983,CTJF,81.35596678299116,-30.814816027689172,5.001645826024792
SIPP,CEV,1996,0,1.658927081056264,CTJF,0.14664681370910235,1.4620003699561028,1.9227554011355106
SIPP,Behavioral Skill,1994,0,-15.538129740125829,MFIP,21.280747076783783,-39.69016904997793,-3.5737744583153113
SIPP,Cognitive Skill,1994,0,-5.905392975132626,MFIP,65.26097314870631,-29.38577242094371,6.028989136629626
SIPP,CEV,1994,0,0.9723606861620286,MFIP,0.10579958664165273,0.8360642142286274,1.1586130880187926
