source,variable,year,Q,value,case,sd,q25,q75
SIPP,Behavioral Skill,1994,0,-9.975804907127975,FTP,15.990691151997545,-29.467104230844605,-2.156068383302565
SIPP,Cognitive Skill,1994,0,-3.136672579755717,FTP,45.1612471900229,-24.39124070367823,4.180688847072669
SIPP,CEV,1994,0,0.5184527329615739,FTP,0.07101139146834085,0.4214021632236999,0.6400515552134391
SIPP,Behavioral Skill,1996,0,-13.521065348430279,CTJF,25.755274761961537,-41.500238841208535,-2.5137050877241673
SIPP,Cognitive Skill,1996,0,-5.205229205623983,CTJF,103.48835311727294,-37.76706104796222,4.876406314148084
SIPP,CEV,1996,0,1.658927081056264,CTJF,0.13139817538498472,1.5169934833117855,1.887987004870631
SIPP,Behavioral Skill,1994,0,-15.538129740125829,MFIP,23.48261886110623,-42.192731933896596,-4.267572098801202
SIPP,Cognitive Skill,1994,0,-5.905392975132626,MFIP,82.86562602226371,-37.22632248729754,5.301134998277796
SIPP,CEV,1994,0,0.9723606861620286,MFIP,0.09603415059764973,0.8534864720254861,1.146043009361081
