source,variable,year,Q,value,case,sd,q25,q75
SIPP,Behavioral Skill,1994,0,-1.963442388567235,FTP,0.924788104294616,-4.100791740694593,-1.07819236927923
SIPP,Cognitive Skill,1994,0,-0.6239242884646469,FTP,0.8557952192532101,-1.7647742752282898,0.8771166623430785
SIPP,CEV,1994,0,1.1937950104807649,FTP,0.2142644417648054,0.8192730141310106,1.5908185629047893
SIPP,Behavioral Skill,1996,0,-2.368601130481804,CTJF,1.1338559809901139,-4.893353713499033,-1.3295736928649842
SIPP,Cognitive Skill,1996,0,-0.7807774400317709,CTJF,1.0201756719654038,-2.244545229155026,0.9453626578660241
SIPP,CEV,1996,0,2.801939599996004,CTJF,0.24569020342353845,2.3948883328107686,3.2665596510340085
SIPP,Behavioral Skill,1994,0,-2.300554456435881,MFIP,1.0926425288615889,-4.741529707060762,-1.3022244921556847
SIPP,Cognitive Skill,1994,0,-0.759433768460302,MFIP,0.9871493679252286,-2.187789141849191,0.9135281012588308
SIPP,CEV,1994,0,2.0321204215825195,MFIP,0.24940211295719159,1.6267350701839902,2.4876493480454815
