source,variable,year,Q,value,case,sd,q25,q75
SIPP,Behavioral Skill,1994,0,-1.989190958388032,FTP,0.3909567140911093,-1.639484045185235,-1.1142325721851911
SIPP,Cognitive Skill,1994,0,-1.0496613623518078,FTP,0.22268072545228687,-2.8343704549008226,-2.535198257987804
SIPP,CEV,1994,0,1.1937950104807649,FTP,0.2005740458976315,1.311224735244485,1.5806965444145356
SIPP,Behavioral Skill,1996,0,-2.2706903382811334,CTJF,0.29904903233459357,-1.6653896918481392,-1.2636164543731132
SIPP,Cognitive Skill,1996,0,-1.14564857967283,CTJF,0.273326031284504,-3.0973071846249165,-2.7300928732523655
SIPP,CEV,1996,0,2.801939599996004,CTJF,0.23361058107851412,2.980230416469684,3.294086905941023
SIPP,Behavioral Skill,1994,0,-2.221119889600182,MFIP,0.30214637646191084,-1.6528839923225285,-1.2469494640789232
SIPP,Cognitive Skill,1994,0,-1.1303109628083694,MFIP,0.2697280061717911,-3.053578320005536,-2.6911979657495353
SIPP,CEV,1994,0,2.0321204215825195,MFIP,0.23695712027529464,2.1792589107580977,2.4976114852925826
