source,variable,year,Q,value,case,sd,q25,q75
SIPP,Behavioral Skill,1994,0,-9.999466517108381,FTP,13.44898382599154,-40.524795557765586,-3.124990716264054
SIPP,Cognitive Skill,1994,0,-2.837585601876287,FTP,10.904971291256155,-19.720702942876567,20.67316910886516
SIPP,CEV,1994,0,1.1937950104807649,FTP,0.2589103592243601,0.8067554512632851,1.7678543431406466
SIPP,Behavioral Skill,1996,0,-12.10230712643636,CTJF,16.06967909040672,-51.28744858414203,-3.9809908512752123
SIPP,Cognitive Skill,1996,0,-4.031281579065501,CTJF,13.195464409722625,-22.90812501718556,22.116923204033508
SIPP,CEV,1996,0,2.801939599996004,CTJF,0.30452859883905886,2.3127058555243734,3.50887808852675
SIPP,Behavioral Skill,1994,0,-12.247830371346689,MFIP,15.725389851356443,-51.00556125171204,-4.303440481624822
SIPP,Cognitive Skill,1994,0,-3.6499573699580248,MFIP,12.727956055250644,-22.023729220692122,19.812315762337967
SIPP,CEV,1994,0,2.0321204215825195,MFIP,0.30504114443540187,1.5471173229375317,2.736131908048511
