source,variable,year,Q,value,case,sd,q25,q75
SIPP,Behavioral Skill,1994,0,-9.999466517108381,FTP,12.374150756913815,-36.31522407217652,-3.092555064621139
SIPP,Cognitive Skill,1994,0,-2.837585601876287,FTP,9.39321136732578,-12.383029872004068,5.162981973581092
SIPP,CEV,1994,0,1.1937950104807649,FTP,0.21748067214635977,0.8349231862715402,1.5287392859525175
SIPP,Behavioral Skill,1996,0,-12.10230712643636,CTJF,14.87860679959164,-44.135209200805946,-3.9359231594373494
SIPP,Cognitive Skill,1996,0,-4.031281579065501,CTJF,11.38599636075387,-14.96603083419679,5.935354040492655
SIPP,CEV,1996,0,2.801939599996004,CTJF,0.24623544304454478,2.3612038979809205,3.1939074560257588
SIPP,Behavioral Skill,1994,0,-12.247830371346689,MFIP,14.61159646984902,-43.65476476452683,-4.515198790629415
SIPP,Cognitive Skill,1994,0,-3.6499573699580248,MFIP,11.060002853782738,-14.200480001634912,5.8180615187749165
SIPP,CEV,1994,0,2.0321204215825195,MFIP,0.2508257568387576,1.6025805078733484,2.4231746936699134
